{"type":"FeatureCollection","features":[{"type":"Feature","properties":{"name":"Arunachal Pradesh"},"geometry":{"type":"Polygon","coordinates":[[[96.06731589142548,29.465947083959275],[96.23548434846624,29.24189176924095],[96.35430426442727,29.292053083115253],[96.38083109497445,29.254607300007784],[96.34201211746489,29.17838213915837],[96.10205916176903,29.078994721874455],[96.17147436239303,28.999191054775814],[96.16087162563203,28.897833933508277],[96.32690589712671,29.02801813021671],[96.51358453545849,29.07395807930636],[96.46467334066024,28.983135101223223],[96.60898515506315,28.779832075991663],[96.57930674150138,28.711589609511698],[96.4669009907761,28.67518413174335],[96.4744704152502,28.62178186305753],[96.3447543942103,28.554007387443633],[96.31857772413366,28.525961297356794],[96.36208073579898,28.480343658849222],[96.25338913448411,28.407040154202672],[96.36258079148755,28.38635650391181],[96.39547757558948,28.335916486913014],[96.45712748297726,28.41381545088871],[96.64113576920454,28.457785098831813],[96.77028970565961,28.367028422406836],[96.88967034449541,28.37848539336505],[96.98761160511911,28.303325059474094],[97.10569385359732,28.346958138721728],[97.40104211491595,28.192249876872282],[97.327900247584,28.15020959835971],[97.31043178217708,28.07451634380557],[97.41289621330228,28.01483630994686],[97.37358971352086,27.88017684382558],[97.24902088798751,27.89929689301885],[96.89674579309907,27.609260766944985],[96.9032437779143,27.45272584009349],[97.16385390882927,27.14223960054521],[97.13851769364638,27.09104645897661],[96.85747505152824,27.192321779090364],[96.8849097325758,27.25944434244066],[96.79646778641964,27.345742725006073],[96.60611967347138,27.36580666980077],[96.52385113399717,27.286545687602693],[96.30629710756959,27.294146097897197],[96.09061334966208,27.223325462800933],[95.945955870592,27.051647621882406],[95.80203019713868,27.014500462282566],[95.74476054286826,26.896212542927028],[95.66699752721054,26.902862081642002],[95.6084884241285,26.812858643079565],[95.50740064145269,26.808799613312104],[95.43137974209513,26.70069792209405],[95.25866364302587,26.6557526636152],[95.18114275073133,26.859202711043984],[95.23048026325858,26.8851538579902],[95.19289313787668,27.035779158566488],[95.24643591105777,27.02380482464328],[95.45327287548854,27.129434047283578],[95.50917346362509,27.26203729845915],[95.58757278965811,27.22294076145767],[95.8008877378305,27.284266948884888],[95.89243118778072,27.25528388889293],[96.01775364309749,27.364918924342582],[95.94130939190153,27.437292278009444],[95.88572548495699,27.398154714228323],[95.88321581472164,27.435318105284487],[95.84450636074136,27.42158428780834],[95.87664868165642,27.544282937521054],[95.79064325160009,27.599647858471517],[95.75226243772899,27.720917881967328],[95.9712869980372,27.962719417768042],[95.60527821018086,27.954615231463148],[95.52013205748872,27.88123785648014],[95.3795768534678,27.839178736558328],[95.30876031514588,27.868010585580436],[94.92232520207406,27.749922427949596],[94.46173154683443,27.555242262072863],[94.43168185074076,27.600332721618983],[94.36401164362121,27.574349958647403],[94.23756422002268,27.632679713139943],[94.20950705123497,27.605083105613495],[94.26825480717092,27.520840868543207],[94.15666583427395,27.474857342151424],[93.80599478185509,27.148760081161477],[93.82922630221567,27.0668136599907],[93.66505673152062,26.968506001004705],[93.48910191685285,26.93617668415185],[93.32410164051886,26.96007905811541],[93.0218559017653,26.91341641418685],[92.88660867979344,26.999745252147434],[92.67247729226789,27.031648962149625],[92.58334216633861,26.959540461365904],[92.12001832226517,26.888983591156634],[92.11811369365861,26.97437279090046],[92.02313340037789,27.10955178474997],[92.0725710518875,27.2331058397599],[92.03800223487198,27.258421857334554],[92.12497514822039,27.282018121454072],[92.06458360491125,27.32697923128307],[92.01937079811216,27.478050388617575],[91.65245193794662,27.4830411350286],[91.56631465304064,27.58306021276985],[91.6454044098463,27.763376594082313],[91.61464438521455,27.82184986696857],[91.56597673960779,27.818614554752422],[91.57553709890318,27.864293200115227],[91.70983091969079,27.807973186217566],[91.82067545996755,27.815960858794366],[91.86218524914618,27.73968962383426],[91.9277044304389,27.722594085660525],[92.21866043210693,27.86951475215922],[92.27753993908361,27.869092398045858],[92.31277310664275,27.7884883981022],[92.50335696085924,27.853950463632895],[92.55621059135379,27.824364076885256],[92.74243210107399,27.992586806556375],[92.66653956810055,28.063752924471235],[92.68794833004831,28.12739780424888],[92.81476516800625,28.211042991612434],[92.83609863661219,28.17909696939346],[92.96270539719137,28.2585571348676],[92.99729820470496,28.22942749768517],[93.0223424295064,28.310385650345097],[93.21795730952194,28.326081160855054],[93.22422213225632,28.405498704491386],[93.18045082115349,28.434874932812665],[93.2777352928914,28.50130893186895],[93.33336311790639,28.639083677912062],[93.49614651951207,28.685966461023874],[93.78414455368616,28.663364586302016],[93.85060084005602,28.707035828164713],[93.93562841976429,28.66610561252063],[94.00724308845899,28.84069945053266],[94.16445792086446,28.95745653335844],[94.22410167966358,29.087829392278742],[94.43812206516583,29.223193295198723],[94.550710755817,29.22075055850267],[94.6309762304901,29.341236209221687],[94.74130190352486,29.274736691183644],[94.8041285139513,29.162405116221354],[95.02244624496998,29.133942470090833],[94.99276751917107,29.170763806855796],[95.41065337921682,29.030515923343543],[95.48098959034856,29.143073915461873],[95.53071689279109,29.130484972282684],[95.52693235729008,29.21565631097469],[95.77688038811475,29.361652141117087],[95.94180850428657,29.387651037948796],[96.06731589142548,29.465947083959275]]]}},{"type":"Feature","properties":{"name":"Jharkhand"},"geometry":{"type":"Polygon","coordinates":[[[87.58451603740846,25.333482878739073],[87.7853540368236,25.249713329831252],[87.77436428394506,25.121363875024162],[87.96279720701091,24.937057253964905],[87.86923307612116,24.77502558749326],[87.81639393543011,24.75968900454528],[87.90835177814937,24.721617473711916],[87.91414149714309,24.637709435706597],[87.87583212381368,24.61522940125497],[87.91327666242708,24.593463763838862],[87.84940761872188,24.55383504712597],[87.77121754896835,24.583019342727212],[87.82815083380716,24.498615359871742],[87.80110260035076,24.38221715309942],[87.70589100356834,24.261436350191584],[87.63437439781525,24.241652859848777],[87.69442327545585,24.15024239261815],[87.57614499107683,24.161282180941576],[87.61023008160431,24.132533658324167],[87.55992009802162,24.081968840863514],[87.49761657353315,24.118973240783166],[87.5119803084014,24.035835678556875],[87.43833772875229,24.01355412338023],[87.46039415406347,23.9838290550614],[87.2453959120016,24.045064729198824],[87.29503298872662,23.90234101933583],[87.26914946051198,23.874583932928193],[87.2451230516152,23.908201682397525],[87.2386984349828,23.826427554454302],[87.1330641215769,23.870190676443528],[87.16701557366586,23.824526328342195],[87.12177605459995,23.796654668089904],[86.91555768259381,23.882431625180146],[86.8902966149145,23.820502212171167],[86.80476064903752,23.83684658868288],[86.79903740514587,23.689032474160125],[86.46180657922102,23.63029950136001],[86.31055319388216,23.411359245428653],[86.14882482793527,23.465257276967773],[86.15834672807705,23.559980469097063],[86.04206424316328,23.586881378786703],[86.01627763825722,23.547317197197643],[86.05383629004449,23.487056701481865],[85.8700011043205,23.474945531080333],[85.90254274209907,23.397114742725734],[85.819716963754,23.26888308952816],[85.89454209261022,23.155128289051703],[86.0445217596648,23.144237815314007],[86.18502543547498,23.0053836351824],[86.54560601135948,22.99027827665256],[86.43533993583915,22.925185174030467],[86.4671378256846,22.899926924325797],[86.41760854661916,22.783676338191377],[86.6360363355213,22.664969878823634],[86.65951766768165,22.575035831155354],[86.76685508532938,22.575022752462882],[86.8016034052005,22.488831803695557],[86.75100749838273,22.456706040740915],[86.84635399235918,22.39908310016292],[86.83157133921851,22.328780900308146],[86.88778998848028,22.297459450222515],[86.88632448097138,22.25723857238199],[86.79226158484401,22.266301975972794],[86.80241441838542,22.217549797842704],[86.74977896330725,22.211690031203517],[86.49691464287307,22.347200751453478],[86.43720145047544,22.3041565340927],[86.28130069098532,22.4486617525313],[86.11663132955891,22.4870038301801],[86.04544346176476,22.567507367983335],[85.95712322751771,22.46481875547411],[86.02719513164301,22.3862118381817],[85.99802430476063,22.341599580412694],[86.04720574167162,22.308956312115246],[85.97387573944079,22.24707855827973],[86.03143188362537,22.190851014833616],[85.9082495006989,21.970666751675317],[85.76299329712863,21.996144002457008],[85.79343721943651,22.08181014168494],[85.83586311758056,22.080157524845287],[85.8074253000354,22.116111878212095],[85.6848725225631,22.05422691760535],[85.39785395700912,22.163185383767015],[85.23629241939214,22.00980334761022],[85.09487496444929,22.108356414910016],[84.98455523287947,22.086606831148963],[85.1159969052984,22.294093290447474],[85.06725729796108,22.48416930075351],[84.91022614230444,22.423283193333553],[84.81252385746566,22.452931320866988],[84.74974279704315,22.418989063860643],[84.53620140840631,22.427374516787943],[84.42813256859738,22.35326580993597],[84.2953347943529,22.34102486553198],[84.00921108249402,22.52557742245282],[84.0840161138724,22.638116471905697],[84.2332073201202,22.67924042566072],[84.2312651476306,22.73996174732607],[84.37260065016484,22.865322315653852],[84.39368263450295,22.942450913816796],[84.37289542466557,22.97837588414282],[84.2187097189904,22.979289204549218],[84.18580170486403,23.02709173344463],[84.14924832584234,22.96567390178275],[84.13346039396384,23.083089715828912],[84.03746891417133,23.139878629454522],[84.07482044114366,23.333121694365403],[83.96700231910872,23.38758453487629],[84.01659318592198,23.634378899336642],[83.93190604194805,23.6204134730601],[83.93769368866215,23.568992071685024],[83.77532002296505,23.60895421154884],[83.7053469509545,23.820757310445906],[83.57118997456638,23.862135438950528],[83.51572237961129,24.027163554925366],[83.32934629907383,24.101318719478517],[83.40910174493187,24.26632816385635],[83.38003271011537,24.31313170440162],[83.45726607889547,24.364549496803768],[83.38656810639695,24.448161999730484],[83.40150482721748,24.503433183432698],[83.87314627935615,24.531750405622965],[84.00779142749748,24.64289158086799],[84.11080902413573,24.476735184279022],[84.14427896538737,24.538251696082785],[84.16974935810326,24.50333014013893],[84.18723279948364,24.552928863486567],[84.25679259433107,24.526884536390707],[84.2968377297768,24.56057637942899],[84.32752822044526,24.49235538619162],[84.29737514195178,24.449391352708414],[84.42440163793431,24.32983749529909],[84.50528543515371,24.331331417351137],[84.49590416039295,24.286068656709272],[84.56819143624948,24.40943987887267],[84.665066439722,24.390877661048332],[84.685317909716,24.45512461848155],[84.80189100360622,24.53074439256122],[84.8400951709407,24.45219127818219],[84.88727715552886,24.463283261244193],[84.9038294281542,24.372247481032957],[85.08102162796077,24.433035695687483],[85.08904614098955,24.372498839960507],[85.17390439747476,24.420620247448667],[85.16075203463319,24.460339286223277],[85.39193354710706,24.530345183151187],[85.37077608782052,24.555349753596385],[85.5239626931881,24.52127066315404],[85.58076733281091,24.60068095717156],[85.66738273614823,24.5788923236097],[85.64921379529623,24.684765956360692],[85.73673034227615,24.821060457377516],[85.86723344882327,24.804246704880285],[85.94439657061555,24.733570117223557],[86.05510471768491,24.779692571391006],[86.03709064930369,24.74112644652056],[86.12835506632904,24.698647366477108],[86.12531711763977,24.611484046737473],[86.32320496364552,24.586792047796678],[86.2760107505801,24.465798932573776],[86.44489962644137,24.367829759341806],[86.50956582122348,24.522192005422646],[86.60329328387749,24.608380499835906],[86.67023936104167,24.564878243907742],[86.7890092520133,24.618694185169947],[86.80314931763027,24.57032494455891],[86.91457948926747,24.542205415966883],[86.9375904510792,24.650167508444],[87.05063748104824,24.608783019190774],[87.07433579450155,24.819854372933627],[87.15554683825789,24.8850175350529],[87.14933926475568,25.024894716039046],[87.21428757120489,25.09122983716589],[87.29540196169552,25.088536932553367],[87.32728937947107,25.22361795422277],[87.47780680068097,25.19414299826143],[87.4936227047924,25.307510353194882],[87.54182557669849,25.280664983781822],[87.58451603740846,25.333482878739073]]]}},{"type":"Feature","properties":{"name":"Assam"},"geometry":{"type":"Polygon","coordinates":[[[93.25715556579058,24.97362322489663],[93.19153460109642,24.804396327735205],[93.10942840360502,24.811474906914384],[93.0711510018814,24.600642190970973],[93.10436131530825,24.582381914490092],[93.05818035208615,24.57383712395112],[93.04164104939073,24.413010009496016],[92.82959474224387,24.373592623354014],[92.76299689873386,24.521131647136936],[92.68483565226761,24.346536647245095],[92.62476984759121,24.334075212447782],[92.61230294082816,24.253467542841662],[92.55089578411815,24.247222229246795],[92.46432014199108,24.13622583376544],[92.42253185607883,24.254856038256147],[92.21287213747824,24.24992675662858],[92.27408965220933,24.388317325079626],[92.21293622998749,24.50401172412107],[92.29603159181377,24.7364561089548],[92.23287291131783,24.90014599430838],[92.29942506566995,24.915720842366174],[92.40009564779,24.848650573156334],[92.48792235648142,24.871309583861155],[92.48761714040651,24.946771391091957],[92.4163464927801,24.989922897527077],[92.48062914701798,25.10830861636741],[92.53942302007808,25.09905399963362],[92.5224497091658,25.139219005355567],[92.6214324939302,25.11502627920351],[92.66347498158456,25.17666776203833],[92.80291440144791,25.216172467131937],[92.73801941894435,25.37933332274688],[92.56466525893393,25.465483460611416],[92.65299101115711,25.59092799961499],[92.5724912437233,25.55735049762477],[92.38401917338018,25.754522913584243],[92.15614747576454,25.67218302411715],[92.1510997282077,25.816638693982885],[92.22556165635369,25.909168540355818],[92.15473892630067,25.91099236193955],[92.1524362563729,25.94431852510616],[92.2748927182243,26.06565061736028],[92.16939946754269,26.077638089523916],[91.91898416206989,25.997832359422848],[91.86729779098447,26.04201745782117],[91.87917042019203,26.097976038823962],[91.82539919269466,26.119405650354196],[91.73106093321641,26.058926627111756],[91.67060048534069,25.90415143946634],[91.60947183545777,25.937391936806907],[91.63109520416714,26.021966964252524],[91.57984106009509,26.033247693689624],[91.47480862626337,25.87402100659087],[91.53043342224755,25.871253877125373],[91.33535467812194,25.840544122873567],[91.22245384347326,25.722563161521002],[91.17826192028024,25.77735153150956],[91.19582950984484,25.861393445712057],[91.00601438085431,25.82038322791758],[91.03054817034945,25.88580151019326],[90.96885474288878,25.885219157510825],[90.94743431211272,25.948091842867782],[90.91683617446276,25.91405627264274],[90.80905386931937,25.952437220034945],[90.76637659807518,25.90764048852873],[90.71758730532872,25.954940927521754],[90.6218659638009,25.897836313665174],[90.58787119903214,25.958070767408664],[90.51497982054721,25.896101212257726],[90.53500419668673,25.949588119451963],[90.47613417125574,26.009586627650023],[90.15109328649783,25.96668996857576],[90.0193673599411,25.892075911153704],[89.93757727960072,25.745425683512973],[89.89473908664775,25.744968537085523],[90.0202501285142,25.60748693992278],[89.87836200796764,25.550334029639657],[89.85224865375721,25.465881427344026],[89.88179090809015,25.625857807596397],[89.81654450762994,25.814302010533],[89.88707680101962,25.94520146421949],[89.82538712722942,25.945504392397176],[89.87099814721817,25.980794068980252],[89.8202718914167,25.98764118916588],[89.8074168087744,26.044002690457965],[89.78803817488105,26.019206509282576],[89.79485117864827,26.087512454006262],[89.69860029463013,26.19117691870225],[89.71981291149909,26.307319812820904],[89.75812457319485,26.287785659566634],[89.75124021871147,26.3209500867245],[89.85889947859265,26.384026761823353],[89.85894762130046,26.73491773141013],[90.1398795477115,26.753618416509987],[90.23049982315997,26.858906611390612],[90.30029821167057,26.848220246896798],[90.35724267273669,26.900708698933713],[90.69325745954418,26.770639724415037],[91.0540602405381,26.78098531702822],[91.09756253917612,26.821992760259015],[91.33724771631378,26.78086078555851],[91.4076469761817,26.839602438170463],[91.49510675495159,26.791205742033483],[91.7206227695579,26.81174215484322],[91.8917361335387,26.91906255261866],[92.0567244960191,26.847384906207687],[92.11437746314506,26.893577797868783],[92.58334216633861,26.959540461365904],[92.67247729226789,27.031648962149625],[92.88660867979344,26.999745252147434],[93.0218559017653,26.91341641418685],[93.58666921340465,26.950469975075638],[93.82922630221567,27.0668136599907],[93.80599478185509,27.148760081161477],[94.15666583427395,27.474857342151424],[94.26825480717092,27.520840868543207],[94.20950705123497,27.605083105613495],[94.23756422002268,27.632679713139943],[94.36401164362121,27.574349958647403],[94.43168185074076,27.600332721618983],[94.46173154683443,27.555242262072863],[94.92232520207406,27.749922427949596],[95.30876031514588,27.868010585580436],[95.3795768534678,27.839178736558328],[95.52013205748872,27.88123785648014],[95.60527821018086,27.954615231463148],[95.97174417648377,27.962448392221454],[95.75226243772899,27.720917881967328],[95.79064325160009,27.599647858471517],[95.87664868165642,27.544282937521054],[95.84450636074136,27.42158428780834],[95.88321581472164,27.435318105284487],[95.88572548495699,27.398154714228323],[95.94130939190153,27.437292278009444],[96.01775364309749,27.364918924342582],[95.89243118778072,27.25528388889293],[95.8008877378305,27.284266948884888],[95.58757278965811,27.22294076145767],[95.50881008162051,27.26187451746685],[95.45327287548854,27.129434047283578],[95.01676377165143,26.9210627528222],[94.92349095569566,26.94636558297964],[94.75832840925337,26.766005579348565],[94.46028362787038,26.661629970521393],[94.31662199467932,26.4583235516508],[94.28478477928955,26.561068895440425],[94.25633651999723,26.541223260244763],[94.17173354159375,26.429784801801073],[94.17455560721046,26.340460311526787],[94.10505388471881,26.31994844880992],[94.00107822181593,26.172267283986795],[93.95300048208529,26.002965799063272],[93.97869509797049,25.91672915530708],[93.79547401599758,25.8089276660952],[93.76544947796835,25.96975159457978],[93.68152896795283,25.90438629266355],[93.71432158432093,25.844513142381597],[93.32701954598973,25.546487425614743],[93.45819287005662,25.430984014585736],[93.470503019728,25.30506028516919],[93.3811183152031,25.239628492560584],[93.33237036576985,25.09351860889805],[93.24388251767905,25.018285969456638],[93.25715556579058,24.97362322489663]],[[93.249610706666,24.973122682141632],[93.24961106387664,24.97312265420511],[93.24961114318626,24.973122861899643],[93.249610706666,24.973122682141632]],[[89.82302579972878,26.329784301812275],[89.78972107787382,26.341832749046286],[89.81741448448376,26.320935156546483],[89.82302579972878,26.329784301812275]]]}},{"type":"Feature","properties":{"name":"Punjab"},"geometry":{"type":"Polygon","coordinates":[[[75.84413469669805,32.502660862346225],[75.93798925806516,32.397536783846874],[75.61846107310605,32.23757374937323],[75.67268150241892,32.15922110991523],[75.5948241872426,32.06946925338891],[75.66291826178882,32.075731261815015],[75.91040754146853,31.95011217384195],[76.17982464809471,31.306533095957608],[76.32237814797116,31.321610964614766],[76.3747500018993,31.438191775599336],[76.4399931093285,31.2787156384743],[76.47912585397711,31.308667875907688],[76.5238008471746,31.258137367028016],[76.58774780062227,31.27419662057452],[76.59256767042993,31.21126397077947],[76.64166533825417,31.223020490607084],[76.59681878828346,31.177989297009173],[76.62501079920364,30.998638665154516],[76.73714213522709,30.949606956984194],[76.85698718421143,30.794747463714252],[76.83745362875676,30.75414906526552],[76.77150802126546,30.79520844067778],[76.70518341449697,30.742919743895836],[76.77687334082803,30.670349370429523],[76.87644726953593,30.680505494478354],[76.92601139709915,30.610063658693782],[76.88649889759985,30.54982937675172],[76.93201796695968,30.522187948473135],[76.89755229685689,30.43710281933255],[76.93867910173682,30.3860942970273],[76.89826163162019,30.358818560188794],[76.84678966422877,30.438078654102068],[76.74104729945468,30.42621776907558],[76.74609177822472,30.34953360792113],[76.55668003788018,30.262437899966297],[76.54567349281864,30.225547007872024],[76.59633305471156,30.25520704492634],[76.65712797749826,30.187121404061642],[76.61419091028048,30.204433218195746],[76.6437439349998,30.150211200280015],[76.54375945405685,30.07427346409207],[76.46254863002669,30.10102026358375],[76.42273753819062,30.192238089489777],[76.40006494314909,30.116670435473637],[76.35049032015651,30.146830747347188],[76.32176338473121,30.095059084538345],[76.20767005226993,30.156993384630272],[76.19637816708274,30.123452941293205],[76.26530342181837,30.09878217775139],[76.17197248079843,29.926272262980365],[76.24381627597346,29.852407999031357],[76.09808487150966,29.810606722419443],[76.04384734737995,29.74267699243955],[75.87025026267152,29.74930259676951],[75.83775523556625,29.813017913682117],[75.7788323845669,29.82234347914863],[75.72067567220286,29.81354333716822],[75.70644677770777,29.75319624899976],[75.64246326030283,29.775091313465627],[75.57997526836566,29.73909177127227],[75.45954175914439,29.807513788088073],[75.2957375516083,29.625033637265204],[75.30947560426009,29.56083456787227],[75.23536725133292,29.54207003292258],[75.16756587736437,29.670179385837077],[75.24161139410455,29.75463603260311],[75.1914889098784,29.841234904240082],[75.15550461997483,29.776880806919866],[75.10076170429777,29.806779152132396],[75.08880361186985,29.917188037008625],[74.99099258738765,29.86782305244907],[74.92670735802103,29.950488776127685],[74.81298075972626,29.992347101596405],[74.70687218499562,29.9769858587512],[74.6417615666062,29.904539506468918],[74.5315655504523,29.94967228391479],[73.89512150353208,29.974077771228405],[73.97564853446035,30.120990749640956],[73.95977440556247,30.270177577675287],[73.87977604332467,30.359721886015098],[73.97378811768898,30.4438243100915],[73.92625882347232,30.43893014796716],[73.93445397323427,30.490276998655567],[73.96412978379098,30.45647600688846],[74.01202687411126,30.53359236032747],[74.07227999924936,30.522909529131336],[74.09603707284624,30.611607104169316],[74.28646031890818,30.735695751761995],[74.26017377132348,30.77309491978358],[74.41640495399052,30.94033447164922],[74.54615963249734,30.992416234991452],[74.56823387890307,31.054688831735415],[74.6959305679943,31.07415951931457],[74.68910337874628,31.128020601095294],[74.60305059706562,31.133600741532593],[74.57126874837684,31.081421697538218],[74.51036340645399,31.13190081733035],[74.52633461236937,31.31197261894809],[74.5516531662836,31.36435197073588],[74.65461033081726,31.426008064293853],[74.63647900077306,31.48476237089603],[74.5752129792562,31.501165847654782],[74.6156004515131,31.568982985943197],[74.486596539036,31.71499879241445],[74.55940694695,31.757879695966697],[74.6078622108768,31.89038582029594],[74.81910011674617,31.958749342228337],[74.87954993770504,32.0537966955735],[75.01236458715051,32.03574527959175],[75.17424351193455,32.067468473215094],[75.20245778604364,32.120237239032384],[75.26130964195544,32.101380432850156],[75.37243438640881,32.226052956977675],[75.38185513633428,32.268953977058224],[75.3204965396926,32.29738983498754],[75.34119806078114,32.345475273737435],[75.42999153342807,32.31499635616724],[75.48910502045428,32.345562629067146],[75.53224272797948,32.27783131496735],[75.5597801875066,32.35697924681465],[75.72275980857299,32.40559870266448],[75.72979371197431,32.453201385123286],[75.84413469669805,32.502660862346225]],[[74.51973471948946,31.23189092731874],[74.51973470263208,31.231891088372393],[74.51973444488118,31.231891171975523],[74.51973471948946,31.23189092731874]]]}},{"type":"Feature","properties":{"name":"Rajasthan"},"geometry":{"type":"Polygon","coordinates":[[[74.49737090176491,29.94457731670761],[74.56111826155947,29.870042126853537],[74.48352013124762,29.813599068927548],[74.4778668831406,29.7468071955689],[74.61594035896749,29.752266191323276],[74.57497246761915,29.56432061628588],[74.62189401503684,29.522247413317178],[74.53465647275002,29.44771617908388],[74.5992864491011,29.327456258759362],[74.8505812344957,29.403593887637417],[74.93828478760842,29.362033472055316],[74.961167818181,29.280582135943487],[75.05000084533248,29.28607589442836],[75.0755424694626,29.229689000261732],[75.18800647383834,29.268190695523366],[75.23839456139567,29.23023800450389],[75.32204776116009,29.289491815917504],[75.34984187337969,29.223773526352122],[75.41069849696314,29.255474996158252],[75.37150030414435,29.138102572262905],[75.44571898077444,29.008320485547365],[75.52199599046315,29.0037452871275],[75.47339625444354,28.923379720325386],[75.56151886466641,28.613214496470054],[75.7882945681805,28.453549292347002],[75.77679446979984,28.400372701267177],[75.9182428529246,28.37199938771685],[76.09545340986342,28.150861933103492],[76.03178542030187,28.167859754247758],[75.94556430353227,28.107164502310546],[75.98441046724912,28.047085097059906],[76.04079725352693,28.074057534394818],[75.97273434599661,28.023637489113845],[75.9727151648662,27.93266635659682],[75.93235600820846,27.930138311492826],[75.9874869699292,27.90416295226547],[75.97137315908742,27.85196617458642],[76.21732669186301,27.816810389980386],[76.15778333933535,27.98898209535943],[76.21480269055115,28.02658257967887],[76.18040487385609,28.05451891021695],[76.3423634581527,28.030575640028353],[76.35566974626448,28.07073236367625],[76.30144182565802,28.097869244047132],[76.3598612488982,28.124918607229482],[76.29226597811558,28.179216267881365],[76.3817272887097,28.13323532638618],[76.47573565198796,28.14858310099236],[76.49904728211496,28.100198324151158],[76.44784097031534,28.08895972870221],[76.50124380541403,28.05968719284812],[76.45467440794722,28.042326377362198],[76.54381998679156,28.034206042067265],[76.54813574852773,27.963843600270827],[76.66815763723258,28.013829144766248],[76.65715857832745,28.089170625514868],[76.79481089885068,28.14838254075363],[76.80839928861492,28.210863727708997],[76.87490161125721,28.217769040697064],[76.97054880215873,28.13842794309252],[76.9108282311866,27.65467379948146],[76.97937298547075,27.653598903888053],[77.00009802854598,27.736969204224764],[77.08566105747366,27.738088908640783],[77.02657669427752,27.779239078307622],[77.04479888220715,27.82098208409522],[77.13521924996054,27.775086057241122],[77.20207262121528,27.82375797807763],[77.23669992503476,27.78451602521445],[77.30286285770315,27.794052553867502],[77.3399930425585,27.526619556583466],[77.437814039467,27.456318292199875],[77.43997676384076,27.390330368030437],[77.6227095913683,27.336185533952197],[77.59866739555217,27.29720417156554],[77.68113048932834,27.19440372482424],[77.51774117187658,27.10245948762878],[77.51934596483659,27.066619470414683],[77.57168987749664,27.071868215094756],[77.56320786986092,27.029370616607878],[77.6300281758103,27.01020741516992],[77.67976655061935,27.047083397709436],[77.71194102168674,26.997104653929373],[77.75951817327653,27.017984422961497],[77.42728381969164,26.864086657642773],[77.39787201756316,26.830367690311423],[77.45456354145696,26.74187318951917],[77.50256280144346,26.768733953914317],[77.50117240000084,26.844454171119004],[77.61033881265165,26.82857712467352],[77.76059906733828,26.932621341804932],[77.89648916787387,26.883997548081716],[77.90636016730011,26.917778782532906],[78.01458640339355,26.902911137536723],[78.02647414548235,26.849534096859358],[78.12451042268921,26.94928484448843],[78.27225737451933,26.919185351824925],[78.19698027776879,26.88217591689681],[78.22228003014634,26.83132235278589],[78.1687225548153,26.82039487883711],[78.18400159805228,26.783821145158115],[78.10596136913254,26.788882800845975],[78.09267368593682,26.676255374956092],[77.90425945419197,26.659063458024264],[77.82201137022122,26.549578183886375],[77.53838085437647,26.41129648879462],[77.43734922878816,26.40327687090296],[77.44467695906599,26.361761486703163],[77.36836851026895,26.36415114121025],[77.21283798036141,26.233771737996452],[77.02913613967016,26.17119361700796],[76.89977549757101,26.092504859807992],[76.78902763971635,25.94109247613541],[76.58277459474654,25.871045289624316],[76.52376731005313,25.729831750046664],[76.47342582139852,25.709918466857474],[76.55597629212448,25.452030087699825],[76.72932386753254,25.328569050341333],[76.90153901361752,25.323634707143597],[76.94224632209601,25.282159886774213],[77.08367344851258,25.336557671108412],[77.20941762770165,25.30630510458364],[77.29380345905865,25.424294971506463],[77.37096901894637,25.40849315560446],[77.34212159214486,25.32177070402292],[77.42661602538246,25.188074246783138],[77.40661696863692,25.11168642138908],[77.31077998557913,25.07983274590911],[77.17442483765151,25.111808942146244],[77.08482895904314,25.05423943580923],[76.87615876452134,25.04140027043787],[76.85677899002893,25.002475856460016],[76.94856331603575,24.869071511941563],[76.80199684492524,24.810133707735314],[76.85612990587349,24.742486369491125],[76.95396506669327,24.76036031789592],[77.03166639193475,24.711316003780915],[77.07133127917696,24.572763244806875],[76.97760961310958,24.46138378391858],[76.91842046956364,24.480691114482752],[76.91789657790585,24.543475067696047],[76.81638913983153,24.533583287083797],[76.84105422700583,24.32241452449132],[76.9473974231395,24.201310539856713],[76.90060021842241,24.127432381650348],[76.80128698431815,24.116672846149395],[76.69831268547931,24.168467267239716],[76.6927737184835,24.286481904623976],[76.5835449209151,24.242865748735685],[76.57772756909273,24.179174340207744],[76.52742399942889,24.156734330374746],[76.47050997222067,24.226150417631363],[76.41168265947086,24.20050618827786],[76.32291453791893,24.245544848721316],[76.21255492907339,24.20993988672527],[76.18551582994978,24.32927644238379],[76.1173828313836,24.193987731807564],[76.1267924219471,24.088730448251326],[75.96345526887603,24.01870691026271],[75.98136315460246,23.928969918313957],[75.78124954569901,23.84872711721193],[75.70608725835666,23.899095448856617],[75.73640599396573,23.856245816720637],[75.6867188055648,23.755939335297032],[75.6545033080102,23.798403803464204],[75.58344783898353,23.794823042705172],[75.56322299163291,23.857577104023477],[75.46205650363598,23.914762636255393],[75.47468024745207,23.98284005581986],[75.52105120511763,24.025020817503574],[75.59552487762512,23.98999990624548],[75.67433858330126,24.017675989228962],[75.71751818071718,23.96685848557622],[75.83672348438871,24.057063417186445],[75.75095930495432,24.14332698343871],[75.83023183965665,24.233759054296122],[75.72775111106476,24.39051563140259],[75.78940368016006,24.471531083623496],[75.83879029776314,24.41417929779658],[75.90905978702182,24.455009254508607],[75.91446119304199,24.572252190319194],[75.8248472289595,24.613454005737232],[75.83360573704925,24.73184547272098],[75.75683319604093,24.761553363719635],[75.61078627497673,24.68040737778282],[75.58297223193786,24.713264894318485],[75.45645528579983,24.680449946882284],[75.2194433443348,24.702554910421977],[75.18440053412512,24.7485538091744],[75.25232037331918,24.81310537388704],[75.22409133581681,24.843924273767076],[75.3115954138337,24.801176296727125],[75.42575522707068,24.8690665232938],[75.263434391708,24.874855292241882],[75.27389244738886,24.964041358147725],[75.3184473547353,24.8941559656681],[75.33215984999038,25.041494485195745],[75.16708113081673,25.04841415786409],[75.11693038089624,24.878261522409243],[75.03304765996265,24.844409362298524],[74.92389577867715,24.87830223294898],[74.84263448850194,24.96884929961526],[74.84937296099727,24.776134431544083],[75.00148885755593,24.774524068187908],[75.01603307227138,24.732120318220353],[74.94309004832738,24.63780423456812],[74.88907863231218,24.633831854429157],[74.79977788072156,24.7790680974533],[74.77193686522996,24.661480720558753],[74.81413868496925,24.650181748034175],[74.70872712421486,24.486473438785918],[74.85387266896748,24.444528823716603],[74.7471104211135,24.253468529397946],[74.89710414033621,24.227289305151302],[74.90352131598041,24.10930370317334],[74.98229827798616,24.02541073335537],[74.9026183638324,23.87295132024772],[74.93653884452709,23.628770649439364],[74.60388673804627,23.457264958996074],[74.5140369330638,23.328045553102896],[74.54666919724026,23.277121009032832],[74.69995554200446,23.26836555377775],[74.6920658903362,23.219151618625833],[74.74213626493525,23.208912309588236],[74.50586347130267,23.085141292377706],[74.38620213845485,23.111517904509633],[74.31890126509937,23.058661231642912],[74.24079874900065,23.184691650278463],[74.17887779392042,23.14727937087679],[74.12147575330238,23.17619323276423],[74.13264032147448,23.266191220315427],[74.03816399587414,23.293446569783576],[73.97421486114445,23.372744821397475],[73.89192607208209,23.334111783690577],[73.82870560362278,23.44769256977297],[73.75573082902439,23.454322660846973],[73.7208057144502,23.410134585528933],[73.69739929419649,23.456671337224048],[73.62720960164086,23.448571329683475],[73.65565556969034,23.621288507044543],[73.57265600666885,23.65376625838328],[73.52308186196875,23.606900238141623],[73.50739431315813,23.703042658944707],[73.35184410138653,23.79139624425287],[73.42082635311745,23.930824808679432],[73.36199355926536,24.104662297187367],[73.24279166080879,24.002281917611363],[73.19314137119696,24.040996036046547],[73.2132258242227,24.07804048431601],[73.06744346475037,24.194691000461994],[73.2192621900491,24.363895417087356],[73.07650308690565,24.396600670550374],[73.08788071998005,24.497652188662556],[72.99100730045174,24.477601095048303],[72.94930068444822,24.398184303337803],[72.9775514269772,24.374639354487304],[72.91072703700264,24.337211898938108],[72.73086096013922,24.36430099423635],[72.68335815262296,24.46387716751235],[72.53824398266943,24.51968205500628],[72.500424053262,24.417054573475713],[72.4572431747532,24.41479869138802],[72.4410807951411,24.51532602816085],[72.24639590079299,24.585607089774637],[72.347334600434,24.62845593078639],[72.16480982856845,24.62127667805114],[72.06132938349488,24.71210872229331],[71.93987321113096,24.633804531817216],[71.87175147034657,24.681766631967072],[71.85216743406137,24.609362567286297],[71.79152895435892,24.677338550538483],[71.65536622338311,24.6391888201482],[71.47917050832858,24.679646966563897],[71.28782354421958,24.61622899599795],[71.10717742397793,24.679707232189237],[70.93762794874685,24.938558356821996],[70.88867076472961,25.14817342653977],[70.66481405055353,25.396882579247517],[70.66007443764255,25.702152487356837],[70.38700234932065,25.673831454899442],[70.26865220770327,25.713600117279107],[70.09976342224776,25.938262957437534],[70.08338741252977,26.083288892162592],[70.17504748650151,26.251528367897837],[70.1741765641309,26.551443269594223],[70.05623348037051,26.600568419916183],[69.79189612290119,26.598311208005853],[69.51030992239995,26.74350365437387],[69.484425864333,26.80483517678719],[69.58684122743972,27.183322660691235],[70.02589987489338,27.56291981481638],[70.13239636621837,27.805955440152353],[70.37219251264457,28.011832021111896],[70.58946016743748,28.01043957436988],[70.67739934232038,27.921846074738106],[70.73976808488587,27.74192173016481],[70.87183958958579,27.70559777149868],[71.2055355174646,27.83541736566448],[71.6664335261627,27.87775629971651],[71.89834439243174,27.961210333972037],[71.92736139418905,28.121739964993335],[72.20613081126156,28.394268707063173],[72.29923772296938,28.66975394601636],[72.39070275797552,28.7703571321398],[72.94584060958546,29.027947449395818],[73.28209732926372,29.572031772007676],[73.39692532915298,29.9459975706697],[73.80656050306709,30.06802891439245],[73.97256079728226,30.198147962072653],[73.89512150353208,29.974077771228405],[74.49737090176491,29.94457731670761]],[[74.27356539157343,25.873980993294982],[74.27185099826212,25.872780468958315],[74.27395775888132,25.87419990433569],[74.27356539157343,25.873980993294982]],[[72.68474971285707,26.05314395599],[72.68491236898274,26.05264621309019],[72.68448772317892,26.054019674716745],[72.68474971285707,26.05314395599]],[[73.51799452480246,27.442140318374673],[73.51608310745631,27.441709266692254],[73.51799450204416,27.44214029996635],[73.51799452480246,27.442140318374673]],[[76.42285258743361,28.11432255700924],[76.44104288537363,28.119877966010378],[76.42927657810468,28.138512292627592],[76.42285258743361,28.11432255700924]]]}},{"type":"Feature","properties":{"name":"Gujarat"},"geometry":{"type":"MultiPolygon","coordinates":[[[[72.77032562981007,21.65669544638974],[72.81977845368121,21.623858009577965],[72.64220675493935,21.532245371347354],[72.57519484373526,21.532325450873792],[72.58016562568108,21.585712768806665],[72.61742331000764,21.546973886312042],[72.62660405617007,21.628827068631104],[72.77032562981007,21.65669544638974]]],[[[71.29114581923768,24.617621174363286],[71.52890216518475,24.6847038031353],[71.65536622338311,24.6391888201482],[71.79152895435892,24.677338550538483],[71.85216743406137,24.609362567286297],[71.87175147034657,24.681766631967072],[71.93987321113096,24.633804531817216],[72.06132938349488,24.71210872229331],[72.16480982856845,24.62127667805114],[72.347334600434,24.62845593078639],[72.24639590079299,24.585607089774637],[72.4410807951411,24.51532602816085],[72.4572431747532,24.41479869138802],[72.500424053262,24.417054573475713],[72.53824398266943,24.51968205500628],[72.68335815262296,24.46387716751235],[72.73086096013922,24.36430099423635],[72.91072703700264,24.337211898938108],[72.97511705368676,24.368799691121822],[72.99100730045174,24.477601095048303],[73.08788071998005,24.497652188662556],[73.07650308690565,24.396600670550374],[73.2192621900491,24.363895417087356],[73.06545066697295,24.193895658132398],[73.24279166080879,24.002281917611363],[73.36199355926536,24.104662297187367],[73.42082635311745,23.930824808679432],[73.35184410138653,23.79139624425287],[73.50739431315813,23.703042658944707],[73.52308186196875,23.606900238141623],[73.57265600666885,23.65376625838328],[73.65565556969034,23.621288507044543],[73.62720960164086,23.448571329683475],[73.69739929419649,23.456671337224048],[73.7208057144502,23.410134585528933],[73.75573082902439,23.454322660846973],[73.82870560362278,23.44769256977297],[73.89192607208209,23.334111783690577],[73.95749844558291,23.3795448639529],[74.03816399587414,23.293446569783576],[74.10057921272798,23.293811312872002],[74.12147575330238,23.17619323276423],[74.17887779392042,23.14727937087679],[74.24079874900065,23.184691650278463],[74.34638484354036,23.02531003320907],[74.339495299815,22.952888933167227],[74.3934082807246,22.89660288708774],[74.46076402050187,22.906842800440913],[74.47604165816696,22.8530959869325],[74.37906044492851,22.63443340336003],[74.26355672197111,22.643972408591377],[74.15066828044972,22.521267723456685],[74.03789429382968,22.53451321305813],[74.03339329023312,22.48989695161791],[74.08251716025515,22.506784634244667],[74.11911222789172,22.418761480366207],[74.19340097141149,22.47547629324978],[74.29117849334914,22.39401244188278],[74.20404151936165,22.366707305274982],[74.19033394624842,22.320259934059806],[74.06476611311473,22.354606578015655],[74.0721746616135,22.219157217904847],[74.12232902287171,22.21239679199213],[74.1244619345886,22.097908020989497],[74.17865316634659,22.085476738671776],[74.09214200088624,22.014833689723346],[74.14647231010214,21.9467217727008],[73.79595164022874,21.824727440713655],[73.89181662128235,21.692148472509142],[73.88801501153847,21.653246132197385],[73.78051508790264,21.628592107721335],[73.85355674332601,21.497465929281287],[74.16674158930486,21.56904276571783],[74.19584507128714,21.5320626009364],[74.30245859967492,21.566358888138566],[74.32078827034285,21.498496958699153],[74.10071390087772,21.447631274969524],[74.0629317284878,21.474549463980658],[74.04462450965046,21.419193954367554],[73.93893245562346,21.405019831966452],[73.94217188795854,21.29927057350747],[73.8228736213545,21.270858366117597],[73.8157617027953,21.173960309509557],[73.71897408266499,21.139757525239165],[73.57742075604946,21.17075314025408],[73.61846206851341,21.118455350750516],[73.80774119488251,21.0848931392004],[73.80872212890853,21.027766844043466],[73.90129774885828,20.98230462675928],[73.94266137695875,20.742083753899628],[73.81185219885623,20.692033495945196],[73.83839455341653,20.620463185512758],[73.74456154171732,20.564918444004928],[73.65268272369963,20.56487253005431],[73.44918150797086,20.7171809865953],[73.39255989430245,20.645104099994906],[73.49362441374613,20.538068528877492],[73.3797681537892,20.393503300824467],[73.42121152181443,20.20658608639151],[73.29906450993929,20.209169979714154],[73.24925236835028,20.122331218759797],[73.18776049963706,20.128600629864128],[73.21772199609295,20.185927469327872],[73.16829100812136,20.208231205203635],[73.11506220049539,20.151890606570678],[73.06023640129251,20.16189438275112],[73.06364668680034,20.22775886875729],[73.16630434537787,20.28787425479529],[73.10280681806113,20.301776559027157],[73.09580450285551,20.36132797541678],[73.03429260354227,20.29163042892142],[72.91239154630387,20.27535056795264],[72.96249672231014,20.20965375767305],[72.8587367891979,20.224742524786883],[72.82447006741289,20.142021782744134],[72.74000254708456,20.13481328850476],[72.77881144696802,20.334999127387867],[72.89658890401057,20.379868275563403],[72.90404555955082,20.414977093290176],[72.85724986284391,20.419782145284564],[72.89532258394615,20.444307972777064],[72.85812451546296,20.465636616114534],[72.89788625855162,20.586634754815876],[72.7801744618267,20.92115096993349],[72.8203663843549,20.952299834740028],[72.7546522512259,20.93865890687107],[72.74118859706371,21.07445716098984],[72.61989852169447,21.100748448517326],[72.65735460440023,21.224651953366262],[72.60034119767263,21.28987001450843],[72.601167786672,21.388624262971398],[72.68730231916683,21.452444571242403],[72.57957724845126,21.413856468587344],[72.75000016203549,21.52751900133548],[72.7544540188552,21.56627566049634],[72.80224052044966,21.587213343404798],[72.83014587891468,21.628449020962158],[72.82845767012552,21.650914869313358],[72.96297845852864,21.67403468579887],[72.54355231124691,21.660507282826025],[72.53247165329854,21.71810152256681],[72.60717440566441,21.753050598382313],[72.62335281726885,21.88375135521309],[72.69126538121343,21.882581363088146],[72.69190325587903,21.941874969168524],[72.74828872130577,21.96746293379409],[72.72522357406174,21.996466004457194],[72.70780632909471,21.95339788877026],[72.54536143185821,21.910988758190435],[72.52589442768513,21.959872597533053],[72.58095855540975,22.199154534764528],[72.64996125891038,22.21546299276706],[72.78268473987822,22.15756930754066],[72.8492192458323,22.274947941763685],[72.69895651767658,22.19990568854976],[72.62417685390484,22.233910544272394],[72.54373470982695,22.223072077494162],[72.26886912627592,21.970603050920214],[72.2116687911516,21.962067045705865],[72.2424596956468,21.829811436705107],[72.20282391501419,21.81905543469501],[72.30612684391414,21.62600923336831],[72.10784209799257,21.30247463542268],[72.11205362310136,21.19863073548577],[71.80585555688288,21.03806121933642],[71.51665458221879,20.94811658594679],[71.4399827099734,20.8695208408457],[71.07182159014391,20.734585545143542],[70.91949302042708,20.743095378590287],[70.82179142402698,20.69136215125776],[70.43771976003667,20.852898972012948],[70.18135290682301,21.03605679187343],[69.61596394496006,21.624551773139824],[69.21655243937938,21.95750825190664],[68.93575806869258,22.311825969039955],[68.98447766499744,22.413435090698254],[69.06811640015285,22.48138485539517],[69.0356451954793,22.390193527350792],[69.11049058545585,22.409944242873834],[69.12116987548472,22.375637568293243],[69.19473664181675,22.42191271587867],[69.1557478993151,22.195135100477785],[69.19029761829286,22.243641711903173],[69.21281538737783,22.21034906610856],[69.28382881534152,22.254580921718684],[69.33272607034233,22.32783081439098],[69.42318781351149,22.316011793697644],[69.54044227442604,22.377206480661396],[69.65536648996796,22.35956544258855],[69.73069121180802,22.484552097812553],[69.73283043225666,22.44282971996953],[69.7897196332132,22.413773749276217],[69.79653056017469,22.37773873350771],[69.83282295007209,22.44707321249304],[69.87099680152537,22.422966994677385],[69.93984915184986,22.482788009089088],[69.97925572235235,22.468166259052474],[69.98766183330164,22.510466002492066],[70.12021167119518,22.486350926274444],[70.18472521835834,22.522164983920344],[70.27868839701898,22.725271890771594],[70.53514935970271,22.91205667257361],[70.4326602979996,22.967061628089898],[70.54165899138643,22.959577534158154],[70.5617048512161,23.029000371547063],[70.76761938145277,23.16703178199764],[70.81607487362093,23.164569256441258],[70.82855963230143,23.079914742726622],[70.8582187542006,23.129710682970867],[70.82756206326916,23.15742153357337],[70.95922823377659,23.194815068122242],[70.86291980036479,23.192359308848474],[70.89312686828863,23.224702803200135],[70.83310050357211,23.249891425392434],[70.57896309708482,23.177708789140148],[70.42476116580798,23.237254554693063],[70.30192982492406,23.223688547052276],[70.20876663476488,23.160353795927023],[70.14929503981965,23.03699610170883],[70.21081576552747,23.074633110300844],[70.22640604451799,22.951821006772274],[70.12111906804246,22.962631502940322],[70.14820676448174,23.03481560818168],[69.96224109406037,22.893587794036144],[69.66612204689636,22.79746073494418],[69.41822250117461,22.812668660965727],[69.47175846656455,22.773747480873677],[69.19583258745243,22.838025974448584],[68.75858879118658,23.08034543129072],[68.78364513520854,23.12001149136149],[68.68277629341335,23.152693285833244],[68.66917127201357,23.218199226680593],[68.62098681311727,23.205726728290863],[68.7245205313572,23.25513489238702],[68.7135148529875,23.31795580712248],[68.66050671558781,23.34745410806966],[68.65233644247792,23.30314333514103],[68.4835935304611,23.548707896698748],[68.55718952858632,23.716632653260127],[68.64884598798918,23.738901515539297],[68.69271023356747,23.844416554001985],[68.58083336359725,23.820986911907696],[68.5270030013158,23.745821182375977],[68.42097705709843,23.733208713237588],[68.38892946951033,23.595621355186527],[68.27808149016936,23.559728524036952],[68.18400054171252,23.587003010688232],[68.19953191651129,23.847094421706664],[68.27574398360295,23.928768677044754],[68.32865524130453,23.922346699485235],[68.36893313156777,23.9847738328897],[68.75302623918992,23.971310359085827],[68.7647045903498,24.29584363653143],[68.80823004001599,24.313600366006217],[68.86482172290279,24.212779986920623],[68.945284023592,24.30249269099171],[69.00532865135318,24.223119591938225],[69.09475372723338,24.274494216619846],[69.19375374227344,24.236114382438537],[69.31273987225858,24.28160180907023],[69.59444624671384,24.292398402990788],[69.73121427251202,24.17105654750042],[70.0250575325028,24.171284855318806],[70.10986859551534,24.294974653498116],[70.57312189662285,24.422362253303778],[70.57122996192807,24.251734888698895],[70.80545986842257,24.220854060026305],[70.90725795248616,24.258779103427095],[70.87450528675559,24.29449029316932],[70.94768002852443,24.348051683276353],[71.12184406256395,24.405660703377404],[70.99856537676546,24.444426705713706],[71.0094599921768,24.635423220798454],[71.09648971931033,24.688724603205838],[71.29114581923768,24.617621174363286]],[[72.96111853233421,20.332422660136164],[72.97083827696932,20.29685943812858],[72.97909787680823,20.33223573309902],[72.96111853233421,20.332422660136164]],[[72.9084776272647,22.067674463498587],[72.9060311920397,22.067986572764166],[72.9068402008056,22.067883330849103],[72.9084776272647,22.067674463498587]],[[74.17523357521988,22.418062502651694],[74.16514533374897,22.397254399234992],[74.1791552936117,22.387993830242596],[74.17523357521988,22.418062502651694]],[[72.3145168713834,23.077030050433002],[72.31495625811623,23.076587760406483],[72.31443733149479,23.077112969253527],[72.3145168713834,23.077030050433002]],[[73.97353073657347,23.17346326952206],[73.97347264252186,23.173702335043384],[73.97332307033942,23.174317630495267],[73.97353073657347,23.17346326952206]],[[71.60850122353536,23.499024729177524],[71.60835350124941,23.49898333517337],[71.60914486331053,23.49920503399118],[71.60850122353536,23.499024729177524]],[[73.0266923676906,24.275276740753643],[73.02568270025358,24.27545213211065],[73.02618750203385,24.275364429804007],[73.0266923676906,24.275276740753643]]]]}},{"type":"Feature","properties":{"name":"Chandigarh"},"geometry":{"type":"Polygon","coordinates":[[[76.77177999676026,30.794915495252937],[76.84822370484805,30.73029614976111],[76.80746353579404,30.666995340267203],[76.70518341449697,30.742919743895836],[76.77177999676026,30.794915495252937]]]}},{"type":"Feature","properties":{"name":"Dadra & Nagar Haveli"},"geometry":{"type":"MultiPolygon","coordinates":[[[[73.09860354352607,20.355772595250876],[73.10280681806113,20.301776559027157],[73.15078125385848,20.318339421225428],[73.16630434537787,20.28787425479529],[73.06364668680034,20.22775886875729],[73.06023640129251,20.16189438275112],[73.11565929905224,20.15217322068494],[73.13753481735883,20.207585386938984],[73.21772199609295,20.185927469327872],[73.19092231655868,20.04959260045802],[73.06369307222288,20.09958672302234],[73.04020407632399,20.06643322304558],[72.99922174214817,20.14256617100412],[72.97049928056403,20.11560897017931],[72.96595374482968,20.22487480939142],[72.91171511873647,20.270260751456135],[73.03429260354227,20.29163042892142],[73.09860354352607,20.355772595250876]],[[72.97477549142901,20.219268878020213],[73.00831707975675,20.22895966316948],[72.98951220183228,20.238799676950197],[72.97477549142901,20.219268878020213]]],[[[72.84626874109046,20.47803003769741],[72.89547261730952,20.378129672615596],[72.8046031146076,20.37227201135736],[72.84626874109046,20.47803003769741]]]]}},{"type":"Feature","properties":{"name":"Nagaland"},"geometry":{"type":"Polygon","coordinates":[[[95.19252065060965,27.035206574873808],[95.23048026325858,26.8851538579902],[95.18114275073133,26.859202711043984],[95.24135011144372,26.781451079391125],[95.23320901839799,26.681093654597085],[95.06197492784034,26.45018283392755],[95.13213638368576,26.377841063131758],[95.11786865907209,26.101077221050524],[95.18588778945535,26.073098897010315],[95.01177377556984,25.89777730497589],[95.0489654174201,25.759354893548103],[94.93597958300596,25.667611196804803],[94.89850362948248,25.56532750138121],[94.78345012971316,25.48040040036133],[94.62813275875072,25.459760183637105],[94.5527401071594,25.50709379730472],[94.56856878417943,25.69209009908872],[94.30913949724312,25.489351645842838],[94.21059126486448,25.49536416702254],[94.19070761833491,25.547633087461474],[94.0880488056425,25.528153490704057],[94.01085603815184,25.591765559817645],[93.96135094205962,25.552294806357946],[93.83279514381282,25.55905375797754],[93.7669887748606,25.53638786396862],[93.80520864895513,25.46158923035173],[93.68899457253403,25.35778338409533],[93.60871555284052,25.202485176996035],[93.50146674649177,25.24065478817179],[93.45819287005662,25.430984014585736],[93.32668643003201,25.54592317875442],[93.71432158432093,25.844513142381597],[93.68152896795283,25.90438629266355],[93.76544947796835,25.96975159457978],[93.79547401599758,25.8089276660952],[93.97869509797049,25.91672915530708],[93.95300048208529,26.002965799063272],[94.00107822181593,26.172267283986795],[94.10505388471881,26.31994844880992],[94.17455560721046,26.340460311526787],[94.17173354159375,26.429784801801073],[94.25633651999723,26.541223260244763],[94.28478477928955,26.561068895440425],[94.31662199467932,26.4583235516508],[94.46028362787038,26.661629970521393],[94.75832840925337,26.766005579348565],[94.92349095569566,26.94636558297964],[95.01676377165143,26.9210627528222],[95.19252065060965,27.035206574873808]]]}},{"type":"Feature","properties":{"name":"Tripura"},"geometry":{"type":"Polygon","coordinates":[[[92.17092838515478,24.530643305355547],[92.23043883376272,24.501710177365144],[92.27408965220933,24.388317325079626],[92.21287213747824,24.24992675662858],[92.28959224856249,24.252353310549434],[92.33205717652163,24.179561141921535],[92.31673114063175,23.864347326988565],[92.26917521141957,23.846912854289645],[92.22262368429062,23.652825786702188],[92.16973365828312,23.739681518186863],[92.06333534138284,23.645015322003385],[91.95066777531524,23.726233765646256],[91.9703850240194,23.478282797931932],[91.76240907682495,23.302935972551587],[91.83580009902961,23.092985452185026],[91.61819274115284,22.938453542448915],[91.54248624585637,22.999457029107557],[91.49088152605444,23.157603585498638],[91.50754021603575,23.183684294914922],[91.40893837261153,23.28519350760525],[91.3798960529731,23.18451286426206],[91.41723420299776,23.064516774209828],[91.34695829720292,23.102302567894732],[91.28985256882643,23.31852444349115],[91.32008570867319,23.360088253982365],[91.29107035634028,23.350657000478524],[91.16249842992747,23.595043730852254],[91.15630356355673,23.670717332837643],[91.19942144340126,23.6465788337997],[91.20852831931109,23.68640115666232],[91.15424246524931,23.688392875067606],[91.15707677707888,23.742018283647855],[91.21902800258728,23.73642640070339],[91.23301874506902,23.926957130289914],[91.27621343760276,23.92252492638798],[91.28468795392473,23.982099788203573],[91.37952632655211,23.975326119998055],[91.37461031214183,24.10777031963951],[91.58607270051095,24.07260091046311],[91.63793244385685,24.102922391696577],[91.66515901354666,24.233529231569342],[91.68828033266595,24.162085331358963],[91.75937239983733,24.141527343822506],[91.74502822233624,24.24697474314146],[91.8447068718637,24.225770493241484],[91.90575231685911,24.138600168021487],[91.91998850545097,24.337460864583775],[91.99595034641825,24.32205440474741],[91.99643947993088,24.393667158986677],[92.12190094754547,24.382242849144287],[92.16912796705421,24.427766240498798],[92.17092838515478,24.530643305355547]],[[91.5317239987682,23.0558446597919],[91.53286749398822,23.056459401547748],[91.53172841853736,23.05586051702691],[91.5317239987682,23.0558446597919]]]}},{"type":"Feature","properties":{"name":"West Bengal"},"geometry":{"type":"MultiPolygon","coordinates":[[[[88.6925106717096,21.72015619702918],[88.79481406714184,21.58211975294974],[88.7154435949085,21.572463879776393],[88.6925106717096,21.72015619702918]]],[[[88.38341655735134,21.777690886455623],[88.4714397584807,21.792466124519613],[88.47150608414705,21.67387697948397],[88.43399475478111,21.603711551163705],[88.38341655735134,21.777690886455623]]],[[[88.54226771919079,21.811443020808085],[88.60007625193735,21.612378571413394],[88.52621904035675,21.66286622465699],[88.50628531470392,21.75835877234366],[88.54226771919079,21.811443020808085]]],[[[88.13180695624226,21.873573413490483],[88.14507608348839,21.638977302525294],[88.06210313381136,21.63739882637851],[88.07681026587956,21.777419809601078],[88.13180695624226,21.873573413490483]]],[[[89.03134299360389,21.863962358485097],[89.01945927992158,21.766152021094722],[89.09419870848525,21.641339276317577],[89.05049477238595,21.615566655093204],[89.0240699045197,21.65821724435714],[88.99797527056252,21.603225702677594],[88.93872284449564,21.646142407977706],[88.9208398824373,21.762386570859036],[88.9229667842449,21.63230767066654],[88.88413241342336,21.66117374094651],[88.87722009748184,21.766613423403772],[88.83505629307348,21.782792220716214],[88.853154758738,21.88888972806737],[88.8190049467679,21.929260409748107],[88.8596911895367,21.912713251369563],[88.90258633203844,21.92102555493938],[88.91182006359467,21.93088234580886],[89.03134299360389,21.863962358485097]]],[[[88.66856641051697,21.90812945175011],[88.64456468016348,21.787937847412078],[88.59197291651482,21.797643781471866],[88.61702742405878,21.896046294279888],[88.66856641051697,21.90812945175011]]],[[[88.9288224775399,21.94510779161746],[89.00976735396739,21.980333256645668],[88.98857217483571,21.95103788709832],[89.01229334558919,21.90301156165571],[88.9288224775399,21.94510779161746]]],[[[88.03807165121253,27.220434496672517],[88.13663345717674,27.114645744738016],[88.302293378151,27.1292900724784],[88.43294643691947,27.079259473066507],[88.54298232828387,27.18318375636717],[88.6915320917176,27.178392033762393],[88.86770754856057,27.112442518557625],[88.87713200949369,26.94435905448118],[88.9216835944828,26.99392713584854],[88.94392366070677,26.93414724912755],[89.09569866221494,26.891673051843526],[89.13448332193543,26.80763878471224],[89.37898159694605,26.86217816493683],[89.46952615651689,26.80269286203263],[89.5601692475455,26.812860052006098],[89.6505787796945,26.776296066499214],[89.62377887130022,26.718448806088496],[89.86333384571874,26.70084723060421],[89.88260200372541,26.583393005374617],[89.85889947859265,26.384026761823353],[89.75812457319485,26.287785659566634],[89.71981291149909,26.307319812820904],[89.69860029463013,26.19117691870225],[89.73655030998431,26.172789288874334],[89.70137788209762,26.151754742594438],[89.6860503817068,26.230659469230655],[89.63443978110278,26.22940999778752],[89.65866085339046,26.176226848546158],[89.60745560707505,26.17914118242532],[89.63035733853042,26.11827237323608],[89.59388250637872,26.10216122331826],[89.64990076728425,26.06248405226907],[89.60539894821466,26.063753371097004],[89.55600506298867,25.965216400022626],[89.42384320293958,26.046920030361875],[89.34906191821993,26.010350642445594],[89.22943716552126,26.12385352694405],[89.15538038277427,26.138610733605365],[89.09625044737119,26.391154805622488],[88.96513992619022,26.45780809484691],[88.91011283031644,26.369801511970625],[88.98721872405248,26.348320818868928],[88.99573808831924,26.290237707867362],[89.05946667916771,26.293434622476145],[89.05068548146468,26.241653296576725],[88.95731667371138,26.240296391126947],[88.89826885644091,26.288643788912815],[88.8417254739118,26.230719594298535],[88.79356427584456,26.30996991782762],[88.6662264974942,26.262656744347204],[88.67513040565824,26.320071957925926],[88.74587014978695,26.347066432792786],[88.70276371249815,26.334394383540133],[88.62289029899499,26.47107842838692],[88.56092901034398,26.456462459413494],[88.4359697979479,26.545026669999412],[88.40925681156256,26.634847813842903],[88.3318675181356,26.4818062376522],[88.35482340347188,26.447021548648458],[88.37123903108055,26.48820535903455],[88.48524540094903,26.46025661056453],[88.52323791684752,26.360542634996964],[88.45772322833305,26.376659853672567],[88.34966785765735,26.28224978245878],[88.35050980462678,26.220422620720555],[88.17727602134296,26.148056516994203],[88.18320751695167,26.02677696511865],[88.08627865238547,25.91747283144564],[88.1144766272865,25.79794077415654],[88.26955351006536,25.808176658428557],[88.45381522591171,25.664937436722415],[88.44435170665493,25.59692232695265],[88.53995264099908,25.508296014952794],[88.69949518897839,25.47119407785727],[88.81052653151391,25.523141520181525],[88.8401846957253,25.363760295873064],[89.00944176551843,25.299034288296735],[88.92307544675845,25.164908793221684],[88.84376270502175,25.213807019221232],[88.80586022318681,25.17045056104955],[88.71148131152924,25.207659681153537],[88.44368757927246,25.197296839057145],[88.45265819127837,25.036871022974747],[88.3988378608148,24.9453201656187],[88.34090422403253,24.94063140811196],[88.33061884816621,24.87013973583446],[88.25826608080297,24.877550139080668],[88.22611257299653,24.959706073709008],[88.13804418207958,24.93616091021775],[88.17501896516669,24.860151186673527],[88.00875623037669,24.66783423960405],[88.14075517563606,24.511240434181033],[88.33398404855912,24.38139255366381],[88.44643224247838,24.37858055138455],[88.55513470183037,24.293341305380796],[88.56768800503026,24.326653604078132],[88.69658739133722,24.315353314113228],[88.73543890494808,24.2764954520761],[88.74649050463209,24.147064624438254],[88.69319006154609,24.111152857811135],[88.76894530938372,23.982197300156937],[88.66758571779656,23.869444973006456],[88.57564038813945,23.861551675218024],[88.6021288814491,23.81721585077891],[88.55603512042713,23.78421132362623],[88.55820784624468,23.64915430743662],[88.58007373115254,23.602966901959192],[88.64553139711553,23.60928390590204],[88.74142128907829,23.479679813053018],[88.80078675828652,23.497124070487263],[88.74529827323758,23.307820168802053],[88.69636107404455,23.30229029888345],[88.71889401385891,23.254798143286283],[88.99572447199698,23.214700186005437],[88.86844610594196,23.101067702246993],[88.87975442616647,23.006325575073703],[88.84508608369231,23.00985825902406],[88.96846235981486,22.84504320391025],[88.91100466253634,22.757730518682575],[88.96236620201353,22.694972373813417],[88.92711343942142,22.649647174261506],[88.99612342981762,22.468952396538427],[88.98447947293815,22.326697165314002],[89.09870782540307,22.151866716243017],[89.03785647994165,22.094214052597234],[89.06798652508286,21.93164711037099],[88.99739325887543,21.95024948147922],[89.03038241279275,22.001048271349738],[88.98829295736749,21.974390953325432],[88.95359296776817,22.01219002911363],[88.90246812884487,22.00385309158398],[88.90436129101226,21.927890712624446],[88.81613869363522,21.94177098309362],[88.7998742888417,21.926754533126946],[88.8398007514274,21.88636011362023],[88.82147601856101,21.781442517737364],[88.8646950818243,21.761442555464466],[88.84558773410807,21.619102704715015],[88.8044945573808,21.637163433537367],[88.81459427745895,21.7107278658263],[88.76270865405215,21.70197189175119],[88.79383427260623,21.737005487528165],[88.7501325695491,21.77048962059812],[88.78114685927056,21.825167396189784],[88.74552602243196,21.773242427203947],[88.75654833386548,21.702972713537065],[88.76870307008835,21.693687877473966],[88.80993238843807,21.704483927144974],[88.80794210993984,21.662676957479682],[88.74479020973286,21.660831917558806],[88.69375953080781,21.74530787089226],[88.75146444205298,22.006230930654645],[88.67861995072313,21.943094897926336],[88.63071732187171,21.95436032157342],[88.623504987195,22.011459096584627],[88.53489493470033,21.968727774284208],[88.56874507008034,21.904083121181678],[88.53672744557089,21.856221780634478],[88.4180487035075,21.902605229885005],[88.48303508070612,21.872032767586013],[88.45987398097323,21.792061362899933],[88.41742335632968,21.81315615066231],[88.34280509752232,21.76132743232451],[88.32080161247785,21.708737990254154],[88.28297365995145,21.78945644539731],[88.31030117640887,21.58163526135167],[88.27647856098847,21.556677927453496],[88.21846226073697,21.61593193981612],[88.14975409258247,21.956883769875347],[88.2231566971908,22.070685359886472],[88.18801236417622,22.188031354845798],[88.07277971688463,22.20947762074325],[88.08460578452267,22.256342078346712],[88.06057109985673,22.205770540099884],[87.95593170368974,22.26973230286302],[88.00674872862834,22.202628681413728],[88.13668105551353,22.184195463485462],[88.18341239314508,22.09445083875428],[88.05569268216595,22.020181458856566],[87.96808373592081,21.854770652805303],[87.80763882767546,21.705193767018212],[87.48478676938727,21.611261235414663],[87.44555308071516,21.768164312467384],[87.27678262443848,21.80550158761563],[87.23180497273738,21.957043510127047],[87.17041354587417,21.97993792565309],[87.09793152044831,21.866921676725003],[87.0356027965414,21.869170371272304],[86.99972166269696,21.913245511066552],[87.02669547345917,22.03708567764731],[86.95795949526143,22.088552617789393],[86.8337380321716,22.09869983326122],[86.79384513674542,22.15748439223233],[86.71971055371145,22.147281500142416],[86.7249618173598,22.21802010440386],[86.80241441838542,22.217549797842686],[86.79226158484401,22.26630197597278],[86.88632448097123,22.25723857238199],[86.88778998848028,22.297459450222497],[86.83211057495441,22.327227851777085],[86.84635399235911,22.39908310016292],[86.76186575447367,22.43170415875837],[86.7498711466019,22.482947646705927],[86.80238788449078,22.503040414502358],[86.7668550853293,22.575022752462882],[86.65951766768158,22.575035831155336],[86.63603633552121,22.664969878823573],[86.41760854661908,22.78367633819136],[86.46713782568453,22.899926924325797],[86.43533993583908,22.925185174030467],[86.52597985789069,22.947605260777124],[86.54560601135948,22.99027827665252],[86.18502543547498,23.00538363518236],[86.04452175966465,23.144237815314046],[85.89454209261014,23.15512828905168],[85.81967333992273,23.268120115562834],[85.90254274209907,23.397114742725734],[85.87000110432042,23.474945531080294],[86.05383629004449,23.48705670148184],[86.01627763825722,23.547317197197643],[86.0420642431632,23.586881378786703],[86.15834672807698,23.559980469097024],[86.14882482793527,23.46525727696774],[86.31055319388216,23.411359245428653],[86.4618065792211,23.630299501359918],[86.7990374051458,23.68903247416007],[86.80476064903752,23.83684658868288],[86.89029661491442,23.82050221217111],[86.91555768259381,23.882431625180146],[87.12177605459993,23.796654668089893],[87.16701557366586,23.824526328342195],[87.13306412157682,23.870190676443492],[87.23869843498272,23.826427554454323],[87.24512305161518,23.908201682397486],[87.26914946051198,23.874583932928175],[87.2950329887266,23.902341019335775],[87.2453959120016,24.045064729198824],[87.46039415406347,23.983829055061374],[87.43833772875229,24.01355412338023],[87.51198030840133,24.035835678556875],[87.49761657353315,24.118973240783166],[87.55992009802154,24.08196884086353],[87.61023008160431,24.13253365832414],[87.57614499107676,24.161282180941576],[87.69442327545585,24.150242392618097],[87.6343743978152,24.241652859848777],[87.70589100356827,24.261436350191563],[87.80110260035076,24.382217153099393],[87.8281508338071,24.498615359871764],[87.77121754896828,24.583019342727212],[87.84940761872173,24.55383504712598],[87.91327666242708,24.593463763838827],[87.87583212381368,24.615229401254933],[87.91414149714309,24.637709435706547],[87.90835177814937,24.7216174737119],[87.81639393543011,24.75968900454524],[87.86923307612116,24.77502558749326],[87.96282513741424,24.934533995689296],[87.77436428394505,25.121363875024123],[87.79068416575893,25.22164631190965],[87.84005553080691,25.201501645564058],[87.86240827988388,25.274105744067395],[87.7643247433722,25.41313998645216],[87.92772228624335,25.537196028044637],[88.0492612085562,25.486013315453746],[88.07653478254065,25.508096099212423],[88.02026472306495,25.591149365409734],[88.04814135024455,25.697899127525307],[87.90417097743195,25.7711306094944],[87.91469006913924,25.853946790273103],[87.82982763248548,25.870647940007917],[87.8073739975093,25.929852279261286],[87.85592495137286,26.035976232132484],[87.98562146630373,26.07766010143835],[87.97490203880967,26.14337373822465],[88.29379565139797,26.351729641310904],[88.23221487847273,26.379598119885976],[88.26957878016505,26.420445107005023],[88.22436002654113,26.481946739114285],[88.17988646183657,26.48764302321303],[88.22548740659185,26.556745156403565],[88.10349235390578,26.538523618293446],[88.18785146347315,26.771805808039723],[88.13440394119075,26.98623981333909],[87.99088338056352,27.10560846400799],[88.03807165121253,27.220434496672517]],[[88.72674278195954,23.318892706450683],[88.72742529865705,23.319038681941013],[88.72575369704019,23.31854025091397],[88.72674278195954,23.318892706450683]]]]}},{"type":"Feature","properties":{"name":"Tamil Nadu"},"geometry":{"type":"Polygon","coordinates":[[[80.26874885259785,13.564628496875928],[80.34507050990831,13.278645619268282],[80.15580171707903,12.464936124710261],[79.84976880067116,12.051312019279079],[79.84063594511521,11.95578600597243],[79.81260489421115,11.977892120048974],[79.75027407630147,11.919905966202947],[79.7464959447484,12.007678475050454],[79.69166094826268,11.951317206290563],[79.7406967009568,11.905438510932688],[79.67384524646701,11.891611719567566],[79.80820573501498,11.84525697106855],[79.7367307147885,11.844207860580635],[79.71235843452557,11.791508068530266],[79.7958643978335,11.785720977340725],[79.75703538481567,11.556148885840818],[79.84259908302715,11.350742866295796],[79.85381645217436,10.983221761641829],[79.74870383881009,11.003266145672667],[79.7639620807352,10.959762500059684],[79.71918524104439,10.957180847237897],[79.7630199148287,10.913607253489928],[79.75629048571773,10.891756508175838],[79.82858332583328,10.883782163683714],[79.80793771770543,10.855616663099731],[79.85249661091703,10.827209630149026],[79.88044353125221,10.3046857338191],[79.78009252330288,10.272470215549923],[79.74872251111262,10.314376924750242],[79.7676641082862,10.271806087063021],[79.39590006234657,10.318635573318494],[79.29846143723306,10.263298919490833],[79.21910272444272,10.11259918871747],[79.26611178350866,10.039234065007383],[79.11126570709375,9.892838014835977],[78.8983409701816,9.48989642962828],[79.06925781340608,9.29574996250671],[79.32934203793512,9.320096669491386],[79.32400380732268,9.263577758176595],[79.43601048079087,9.158480674393687],[79.20919809049522,9.282403623988031],[78.97892571158238,9.274852290491138],[78.66380181529439,9.193615697752733],[78.57824981327957,9.13100012935001],[78.4138313076307,9.113947775181833],[78.18664202209735,8.92359138531029],[78.15808089684568,8.796965409843676],[78.198252789173,8.761080622841403],[78.12563870757562,8.66508885721492],[78.13058950278368,8.496909509568102],[78.06703036742057,8.372853788242693],[77.74471220248667,8.176916438300807],[77.57711302567627,8.136721898879866],[77.5513322542811,8.07803472492829],[77.31579686025235,8.121837631968058],[77.09607093544633,8.293168538144599],[77.18061390358797,8.323518380078617],[77.15110741324662,8.384472211281922],[77.22810009456403,8.44725286270385],[77.20238419884694,8.501190903356951],[77.2838469499323,8.546729081273034],[77.17001197982557,8.741795196605741],[77.22970898422528,8.784587991847994],[77.25657101718224,8.87756731383055],[77.14655545522785,9.02181570764718],[77.26681449444683,9.152461249484624],[77.28298744786372,9.301333182850383],[77.41239651305987,9.508977883254602],[77.36556383183259,9.535089970818778],[77.36112820139611,9.602262190021184],[77.2697138256549,9.572769562376251],[77.16586308477001,9.612863170897352],[77.24666613084278,9.797886990092262],[77.21825266834415,9.904294850709446],[77.27285486097371,9.964195103100598],[77.20132573855395,10.106210376845114],[77.26777651064708,10.121614035004718],[77.29495572893988,10.217898791314878],[77.25972315502452,10.230274563735863],[77.23564602713819,10.352251719323098],[77.17662330172027,10.358441575114806],[76.98244631803973,10.220120858899953],[76.83031355939458,10.30362725848623],[76.8430962108001,10.537285710309197],[76.81009746043496,10.624181359441511],[76.8824755906552,10.639707506093984],[76.9072103618374,10.782688409501302],[76.82831555531868,10.871910025622109],[76.6590949646169,10.930496842660023],[76.71088749484349,11.03872207895324],[76.8008596828981,11.053965939276125],[76.74612904788556,11.054823946390217],[76.74829623206875,11.135837708180654],[76.68955652509017,11.159574807060233],[76.73141625981712,11.215586171783803],[76.43862288042925,11.198961597962683],[76.54575571184319,11.300310723958745],[76.5478573876835,11.35888594877775],[76.41870507630628,11.441783596565324],[76.24757353307852,11.468541064464954],[76.23308466020735,11.570773942749504],[76.3545778757879,11.58931139725617],[76.5111113971613,11.704978783011676],[76.57674646694484,11.614495913047135],[76.84693568495659,11.594471025633737],[76.83500521244346,11.655416748156657],[76.90800371792875,11.795245757343235],[76.96992280645564,11.776860094421922],[77.0129403460326,11.814615392184818],[77.11770653688643,11.721072444087044],[77.11074666443746,11.77347281202568],[77.24987613219388,11.813013036039813],[77.42724120460025,11.76087072932052],[77.49480079223524,11.943847363332058],[77.67569015991627,11.951979202787923],[77.77556294988621,12.11844162777931],[77.72769819638339,12.181530669236146],[77.49271131722455,12.197332415459565],[77.47201668469904,12.249869944251284],[77.61680744787438,12.368199852484137],[77.59887320784323,12.66715796889097],[77.73992829458831,12.67298996060553],[77.836013516494,12.870330002907346],[77.92932464948024,12.890915904519403],[77.9185672279189,12.830575842104752],[77.95233606708615,12.85711713410168],[77.99520266158943,12.8058579112856],[78.05355920906962,12.85379065894815],[78.23095128905493,12.760660040692047],[78.21058907816926,12.686077022912233],[78.27108612350942,12.705058321854764],[78.37142522577,12.627106770527725],[78.46491847888294,12.624011453720923],[78.5200135587019,12.712013752695457],[78.48908801510865,12.741980724027416],[78.55587561405162,12.700157600917322],[78.65701390883952,12.932106715616701],[78.62089686092418,12.991240686241175],[78.65621474297052,13.031169707819833],[78.70527147643077,13.01523893890535],[78.71451638663079,13.068678630060433],[78.89158118017382,13.09708764519534],[78.8916430583977,13.033058680213559],[78.93710708583053,13.030427027411735],[78.90367545074146,13.047705933092212],[78.92394158444019,13.080809382226258],[78.99500121621581,13.086608974606717],[79.16312117049571,13.020270690676492],[79.18065880656115,13.0842426721713],[79.23442669231548,13.105229191678552],[79.23492917858596,13.170843828316757],[79.30718988460416,13.105522203938179],[79.36050484578594,13.123537860437276],[79.37403256644188,13.189257447099815],[79.43842770011995,13.18817543509029],[79.4532895316836,13.238488168165825],[79.40841814343744,13.265269925232634],[79.44542224813863,13.301252043594411],[79.38188803379204,13.307488113598701],[79.43542901005229,13.351710008300776],[79.53730511368762,13.338647374241871],[79.53460245880424,13.275397197691031],[79.57926644662413,13.257793447426971],[79.6826053188223,13.295824442855753],[79.68427383422319,13.244429125772616],[79.75499102283838,13.206478469691193],[79.7944930456203,13.226322045496538],[79.73065084226138,13.282866552505327],[79.76027053717918,13.318205249407633],[79.79173281316884,13.293524450922554],[79.93311469833561,13.351918027797932],[79.97242033301261,13.469091962929886],[80.04661829609996,13.493684106699959],[79.99859971392048,13.5427241237872],[80.08125942666632,13.549751527659133],[80.07819006739659,13.488811736576423],[80.24181400320535,13.470647255919118],[80.26874885259785,13.564628496875928]],[[78.27974789581005,9.683477761791764],[78.27974785971452,9.683477764038459],[78.28008243766601,9.683321676503576],[78.27974789581005,9.683477761791764]],[[78.31214356709685,9.71907685864021],[78.31214358461415,9.719076901798745],[78.31195249373545,9.718831372246402],[78.31214356709685,9.71907685864021]],[[78.92810128336794,10.120791783044066],[78.92810125701565,10.12079179897744],[78.92860301447001,10.12005939121956],[78.92810128336794,10.120791783044066]],[[78.40877003543268,10.205965843081579],[78.40876999605435,10.205965804088956],[78.40831503904674,10.205191279503845],[78.40877003543268,10.205965843081579]],[[77.54808953328086,10.202394154005535],[77.54808810793945,10.20248311238401],[77.54805307603239,10.202181739835337],[77.54808953328086,10.202394154005535]],[[78.15129221749817,10.703764838796427],[78.15158263528083,10.704337200769833],[78.15072914364559,10.70248059179888],[78.15129221749817,10.703764838796427]],[[78.50821850524899,11.390507828890806],[78.50621767104647,11.383294909914223],[78.50725319631826,11.387027958181227],[78.50821850524899,11.390507828890806]],[[77.97919968021402,11.530391224047527],[77.97896650643888,11.530504499436597],[77.97970386278784,11.530268943972121],[77.97919968021402,11.530391224047527]],[[77.66322111702584,11.818899492055808],[77.6632211248959,11.81889945971035],[77.66330368485202,11.818980753491894],[77.66322111702584,11.818899492055808]],[[79.64115865846887,11.886633625094092],[79.60200035429831,11.857862507742118],[79.66342354373919,11.861247767359114],[79.64115865846887,11.886633625094092]],[[78.71144830805119,12.313987459585558],[78.71157254548862,12.314507156231011],[78.7113286364081,12.313309524691727],[78.71144830805119,12.313987459585558]],[[79.22505504473294,12.346798755668098],[79.22483905809582,12.347223726900449],[79.22510597435046,12.346684777945391],[79.22505504473294,12.346798755668098]],[[78.7486385619741,12.382544223429491],[78.74867251953931,12.382601243062355],[78.7484899424041,12.382351447801746],[78.7486385619741,12.382544223429491]],[[79.80605409260518,10.879641586025699],[79.81003320653875,10.878367859405346],[79.80976290436988,10.880424529272597],[79.80605409260518,10.879641586025699]],[[79.73889584624428,10.919879872221395],[79.73980832043107,10.920974800236582],[79.73916655180004,10.921405634217626],[79.73889584624428,10.919879872221395]],[[79.72044964461504,10.93723593757605],[79.72293298229594,10.936227485572859],[79.72246707114306,10.938266075612354],[79.72044964461504,10.93723593757605]],[[79.71834217223835,10.954832535290024],[79.71973963366375,10.955945754490866],[79.71838161580132,10.955913893584551],[79.71834217223835,10.954832535290024]],[[79.6906204065933,11.80856737579071],[79.6745795741713,11.803544035794193],[79.68142364957603,11.79624314893746],[79.6906204065933,11.80856737579071]],[[79.70200257236316,11.822906783927703],[79.69298550921684,11.81373768865045],[79.70423457928558,11.813468509846608],[79.70200257236316,11.822906783927703]],[[79.66177829573184,11.839416421819722],[79.64633644327306,11.816243573060035],[79.67129161436101,11.814880702524485],[79.66177829573184,11.839416421819722]],[[79.69907082865947,11.861286759993497],[79.6972302604693,11.874080815414079],[79.6959960199667,11.86035187271475],[79.69907082865947,11.861286759993497]],[[79.68466081707291,11.953352615537753],[79.6621965479756,11.969166735568594],[79.65464340047069,11.953487750056418],[79.68466081707291,11.953352615537753]],[[79.64264792926643,11.942100257264466],[79.62552921559227,12.032172936381631],[79.63209008151058,11.901255950395282],[79.67069797985259,11.931577681554367],[79.64264792926643,11.942100257264466]],[[79.71961194714802,11.99221543533455],[79.6597684558485,12.01062500939841],[79.65702484297049,11.991387357932357],[79.71961194714802,11.99221543533455]],[[79.78880235207535,12.026375510016564],[79.8018594479233,12.017068470550624],[79.80566838287632,12.024491307533694],[79.78880235207535,12.026375510016564]]]}},{"type":"Feature","properties":{"name":"Himachal Pradesh"},"geometry":{"type":"Polygon","coordinates":[[[76.80344098881228,33.25294944666569],[76.84460966096312,33.24227261494519],[76.81800033747588,33.157089112267904],[76.92868864125033,33.03165481100639],[77.15051680457812,32.9781744263243],[77.15573531818065,32.911583686288665],[77.18797245396043,32.92874421558202],[77.338962909701,32.816783632523794],[77.40450349569018,32.88274434993471],[77.4692003031638,32.85867728821706],[77.68249189882911,32.98880190097476],[77.81063099643495,32.90702592896522],[77.78096407229663,32.865787316353305],[77.92571956701637,32.771996472204364],[77.91861960811794,32.69054080326369],[78.0158887670391,32.61960756910772],[78.14238229608542,32.68182728340401],[78.24590092044002,32.671602753667614],[78.3880026762621,32.756691193904004],[78.40966089621678,32.62313290102937],[78.31355498290719,32.565912424677485],[78.28737316129667,32.46298814563687],[78.32982267443741,32.44351424562922],[78.39951946411222,32.524604649917734],[78.46124810368642,32.50379688691038],[78.53350547767698,32.41546004846742],[78.46083986789448,32.24170835302197],[78.58795245403104,32.23610074691894],[78.6176658270049,32.11522486633824],[78.78855244989442,31.99323142207101],[78.70985364482783,31.78661501196552],[78.85334152090073,31.60742628706058],[78.73428420541005,31.484983860609933],[78.8127782810478,31.44973730215188],[78.79200596798242,31.39554403515693],[78.85876763642779,31.366373798580124],[79.0089170203677,31.109923920867757],[78.88543475752236,31.098722380354257],[78.80991374682957,31.198284492310478],[78.65800638527445,31.18503932295137],[78.6093429529666,31.229259980945894],[78.48375245384682,31.198937079368307],[78.37031586158652,31.2863342778975],[78.03034200788677,31.15096758617672],[77.90131146295008,31.151824461832362],[77.81135737570445,31.059100461147146],[77.83759355999885,30.953171254104536],[77.74900682006083,30.953479904003782],[77.81329924407218,30.921868242863578],[77.80568285826114,30.853213538913703],[77.75822455221578,30.876797675884593],[77.70377826642654,30.765160704586375],[77.79252808478898,30.658686621188757],[77.74315474975589,30.593107015515375],[77.82681750828691,30.52775204321073],[77.58618925934758,30.42158365779761],[77.5804987022984,30.377336070250482],[77.51979698150147,30.44539073617796],[77.445317681102,30.395997986930695],[77.4590119581281,30.458100868748378],[77.4095404474307,30.40979018313581],[77.35358305651837,30.460747739078936],[77.21350554174687,30.46840707545274],[77.12173111837262,30.5629375586323],[77.17377385954904,30.600554922333348],[77.16120666465628,30.690931214243204],[77.01751047408615,30.743419920029382],[77.01252071770222,30.809185837934276],[76.94263872091284,30.817429158151178],[76.9168721905175,30.900765375402607],[76.86957890430809,30.873122145995765],[76.62501079920364,30.998638665154516],[76.59681878828346,31.177989297009173],[76.64166533825417,31.223020490607084],[76.59256767042993,31.21126397077947],[76.58774780062227,31.27419662057452],[76.5238008471746,31.258137367028016],[76.47912585397711,31.308667875907688],[76.4399931093285,31.2787156384743],[76.37621131414792,31.437482370192097],[76.32237814797116,31.321610964614766],[76.17982464809471,31.306533095957608],[75.91040754146853,31.95011217384195],[75.66291826178882,32.075731261815015],[75.5948241872426,32.06946925338891],[75.67268150241892,32.15922110991523],[75.61846107310605,32.23757374937323],[75.93798925806516,32.397536783846874],[75.83032961701318,32.51324293303129],[75.93415219502057,32.644758524672135],[75.88583351054628,32.652175897627124],[75.92174754236251,32.747173253073],[75.79625285583286,32.88425573772721],[75.8326382149626,32.924028802228456],[75.9501091986786,32.872832624448144],[76.10720386559859,33.006055662488855],[76.2729136806846,33.03705183223057],[76.28594600086923,33.10238757052238],[76.40389682911568,33.185787186531236],[76.74682017597159,33.17841433230253],[76.80344098881228,33.25294944666569]]]}},{"type":"Feature","properties":{"name":"Andaman and Nicobar"},"geometry":{"type":"MultiPolygon","coordinates":[[[[92.52429289563055,10.897742970065412],[92.59937919299993,10.70577522555021],[92.5388430485653,10.61752159527936],[92.56989146639343,10.578790995459572],[92.51326387476755,10.5108395328793],[92.38764947480635,10.531532465143798],[92.41911712433956,10.615793838096305],[92.3730728129132,10.782743596452487],[92.39875684548936,10.743942875014572],[92.45450559040259,10.866864640890263],[92.52429289563055,10.897742970065412]]],[[[92.63863685898974,11.512328834251475],[92.68449750687812,11.433331299342019],[92.63371583323314,11.40371960083687],[92.69066073164014,11.374528351240366],[92.59765341364381,11.34502529751546],[92.63863685898974,11.512328834251475]]],[[[92.70311569816488,12.232145589950404],[92.7088288698875,12.148285653952433],[92.75656261352418,12.163164862772089],[92.7378296183169,12.056537950118864],[92.72745608144835,12.059534337991549],[92.69680890227392,12.040206575301076],[92.72734391163118,12.054331643227613],[92.77051424716943,11.998613141117188],[92.72206334433011,11.993464927683608],[92.72422162820111,11.856554719798238],[92.70169969206572,11.814333309458682],[92.6547431357447,11.83384739199713],[92.69191684056213,11.813671382885245],[92.67237823282655,11.782770089339554],[92.70579998998313,11.792693559133557],[92.69960603187901,11.809628267945554],[92.72964996090963,11.854780850583941],[92.74425915458441,11.932098611707701],[92.78299186058749,11.936916171506937],[92.78997606630574,11.885450669326346],[92.75445392162031,11.700648856050664],[92.6822233404214,11.714096028535648],[92.70772222298802,11.670509228467603],[92.66014199737825,11.652231041759691],[92.6863954210399,11.602994170071593],[92.7143746726522,11.678435844074954],[92.75599169897255,11.665047396518569],[92.73772084643866,11.63871638309672],[92.75428001311792,11.614156680327994],[92.7102265167129,11.47738521572245],[92.61647866772411,11.563441065789181],[92.6018371376192,11.608648505772763],[92.64470067384647,11.635273487130352],[92.59770216159718,11.64908728303005],[92.59128998472063,11.738281769939023],[92.55805260391108,11.692299839938103],[92.5450171168361,11.843344163130313],[92.50566548579977,11.824517088480606],[92.56406543659236,11.9508091735908],[92.6102630678131,11.84730559716117],[92.62204594024521,12.101388074456755],[92.66412057282706,12.221848015956144],[92.65484681683883,12.180195841903812],[92.70311569816488,12.232145589950404]],[[92.71471887620233,11.584377271074729],[92.73519969349081,11.57085761194373],[92.7283269569295,11.603504767240313],[92.71471887620233,11.584377271074729]]],[[[92.9648292825097,12.049140022698333],[93.01478315698041,12.027297983728616],[93.04410408901269,11.88371760623739],[92.99233358090775,11.934519241307587],[93.0069373495989,11.958220980320178],[92.9229503991514,11.998442563812757],[92.9648292825097,12.049140022698333]]],[[[92.77088810519064,12.313120941975479],[92.85375285684945,12.281224313976537],[92.87222598489183,12.30170604896039],[92.88286120219286,12.19767747137488],[92.80262140079735,12.232645194025919],[92.85483651223277,12.161790524163402],[92.80109349000844,12.170585470711654],[92.81811251448349,12.113180714661429],[92.76344450982587,12.063223814929822],[92.77080705567597,12.241574187833708],[92.74113621940843,12.245375978175417],[92.7876815521539,12.280241121696807],[92.77088810519064,12.313120941975479]]],[[[92.90011274277593,12.902844221340839],[92.98004927026663,12.709395308117264],[92.92972842257095,12.616923491943492],[92.95879712723965,12.619609591512772],[92.96882663783633,12.496659986902085],[92.92178206050548,12.465708095799599],[92.92031138224377,12.483284312795037],[92.91124197802822,12.489256898645204],[92.91315292722342,12.492805372205659],[92.91428649773971,12.500025524075678],[92.91086243882171,12.489326948548788],[92.92052780303962,12.47998465422802],[92.90664781417208,12.477409326695922],[92.91388125331743,12.475812165165886],[92.90570332281291,12.4706539270612],[92.90778738347451,12.467218906600657],[92.90716849335703,12.469241630292151],[92.91180491398997,12.471038755794101],[92.91487007372781,12.477651922869113],[92.92156359220417,12.464835648866782],[92.95783652764821,12.472705638717242],[92.91077635173848,12.405388875426034],[92.88884422248823,12.46375387910045],[92.84319017077168,12.470766105855889],[92.85514603548232,12.509764758127494],[92.81580354221441,12.486809705435798],[92.89926444800719,12.416803076060408],[92.81525136828729,12.454717914285984],[92.79584764390131,12.43788455053715],[92.78660976522485,12.483895360470989],[92.78724201083347,12.437087714188868],[92.83394180153847,12.410484822483594],[92.79913015461806,12.400798903703912],[92.83840005679792,12.408633393519532],[92.82307582679188,12.37421765733387],[92.84232533207789,12.391795643772472],[92.89896607644182,12.333759318549085],[92.84789408891255,12.343478632249465],[92.83145025623791,12.302677153478886],[92.77043433724627,12.33375973761926],[92.75281194320782,12.296094811145178],[92.74917791581312,12.365618047136334],[92.71947661115694,12.300342712725229],[92.68398420396127,12.609050118632528],[92.77314482227679,12.670389841757865],[92.77892612491476,12.579975311471916],[92.78969471080082,12.725466277872947],[92.7319547813516,12.672596749265292],[92.7220707084466,12.825228148303024],[92.77269847532374,12.842563310490448],[92.78383109674667,12.762146504462718],[92.79078986686446,12.889935797204254],[92.839738807469,12.861385999697246],[92.84450552317239,12.874834100498312],[92.85387967379229,12.877111854362079],[92.82840481643076,12.81005764121189],[92.90011274277593,12.902844221340839]]],[[[92.69846026605883,12.989405301822455],[92.71870921814836,12.874835398575085],[92.66727867958038,12.782593721973132],[92.64686273935419,12.86200591544567],[92.69846026605883,12.989405301822455]]],[[[92.83076685289662,13.213315375307317],[92.85042368966705,13.238625274828147],[92.8483231603725,13.208081046513296],[92.86123899904612,13.206378618318896],[92.85537699183094,13.19073942997042],[92.8631191854076,13.184825331985596],[92.86211815441166,13.206601255406104],[92.84894325632466,13.208389165110557],[92.8548363170566,13.233958222930854],[92.85152424415197,13.239657812638475],[92.83901849111818,13.245896051142624],[92.8703987848243,13.258305428499055],[92.81109601701914,13.270826431139296],[92.86973680630786,13.390678533060235],[92.84206276572242,13.409650185966655],[92.87048437347678,13.413986518464776],[92.8857042694891,13.367221114263625],[92.88576119178491,13.398036316927866],[92.92476589876459,13.390207883056775],[92.87450111466764,13.402068155201425],[92.86886722125595,13.473998565692858],[92.92489513928236,13.498923762451954],[92.9203696195475,13.45502077677729],[92.93480458696045,13.500024353831968],[92.91325706817688,13.512364650191618],[92.94517202075036,13.520081521648706],[92.91355191847875,13.535098569102939],[92.96520752761491,13.549978025844384],[92.99056786756792,13.517881877324905],[92.98208763434978,13.56943969612955],[93.0273290236389,13.579400018276631],[93.04316456802891,13.50490574968029],[93.0051109746899,13.463282371487011],[93.03659614767629,13.44128592827307],[92.98908734385928,13.427406157264372],[93.06849637540921,13.396629826579813],[92.97962890958412,13.379917622821951],[93.03432503243224,13.374398299815548],[93.03143662963177,13.343897038262687],[92.94540407612743,13.351021722480732],[92.99697182858834,13.314894069279488],[92.97385969736563,13.281905844723786],[93.06580092934766,13.273782678581808],[93.03432600174513,13.081417030932364],[92.9596388580899,13.014228243272244],[92.93319537444394,13.04223901533228],[92.95673045304066,13.065638322882538],[92.93729338386693,13.065449956177394],[92.94558470276182,13.089657062295046],[92.9393569056815,13.088570648142897],[92.94614057511826,13.12351460709248],[92.94122213332057,13.145525229838126],[92.92259252999078,13.05348963952825],[92.87299104528088,13.149081137132784],[92.91213821565974,13.066793357746258],[92.85803208323098,13.079901541756072],[92.84358932875801,13.050892744129184],[92.91458195644323,13.05553146353443],[92.89426548396207,13.011111231246042],[92.93938087324592,12.968796227096558],[92.91045723444738,12.945305473738568],[92.88304589695223,13.005513161160431],[92.84227224934281,12.876924190496615],[92.78998072550452,12.960933221564918],[92.8419817581473,12.991376221272477],[92.78795886099404,13.019546787073086],[92.80847893846615,13.127277357847651],[92.84721835813706,13.118154527598943],[92.80792665356338,13.153790420272594],[92.84917847375259,13.16111557426987],[92.83076685289662,13.213315375307317]]],[[[93.83777353166275,7.233554574046543],[93.9446290759878,7.001403612468171],[93.90987804827624,6.99931753896192],[93.94135052440855,6.954343050105767],[93.89147425307495,6.90119673639091],[93.89772296367015,6.8134648248200325],[93.87598671989133,6.7932268204565815],[93.84720596528412,6.834960017797428],[93.82247847115777,6.752783099400643],[93.7317083164652,6.921884062650573],[93.71560478349393,6.989547892069742],[93.73381902799368,6.975048660823153],[93.73764357463193,7.000004930937023],[93.65502628202694,7.005493646115159],[93.64317877336158,7.127276673151355],[93.67632587564071,7.193039258956551],[93.83777353166275,7.233554574046543]]],[[[93.70116043616906,7.446846905598998],[93.74383170143123,7.361450241074621],[93.63580750789076,7.2428144287711085],[93.61943782477276,7.3742571201441365],[93.70180351287827,7.39363849770809],[93.70116043616906,7.446846905598998]]],[[[93.37358801757064,8.021477015155533],[93.45190053890445,7.93929343511347],[93.4544591449738,7.8724404941724275],[93.41197514482737,7.906935215929572],[93.36795675666977,7.877665621933585],[93.34182832382359,7.946858912046465],[93.30786640707954,7.933856019727411],[93.31997650502417,8.007378972728457],[93.37358801757064,8.021477015155533]]],[[[93.54663911802754,8.026320035134326],[93.57331078000132,7.994228513999625],[93.56941890215477,7.92826634532606],[93.49445334974867,7.994231461922082],[93.52207632628598,8.026178974702763],[93.54376571141893,7.991361780836195],[93.54663911802754,8.026320035134326]]],[[[93.51745799460375,8.233365635031287],[93.53547864742158,8.198601500142527],[93.49279015746191,8.14616977953411],[93.54079459470232,8.036139209757168],[93.49845062619427,8.035921056939394],[93.48822956306786,7.9987810768159875],[93.47585169328815,8.04610245505883],[93.52115539609534,8.080384398974031],[93.47574882265974,8.052899963691281],[93.43750743329906,8.170729902275742],[93.51745799460375,8.233365635031287]]],[[[93.11854241171703,8.355402261179206],[93.11972377889829,8.272803612738894],[93.19090259969629,8.19611690507478],[93.07584216537302,8.273460733343224],[93.11854241171703,8.355402261179206]]],[[[92.77142551855128,9.258822958775944],[92.82706635313896,9.138407734005753],[92.7273150790776,9.12489923593052],[92.7196910985505,9.218526622434766],[92.76371624176387,9.215825745840538],[92.77142551855128,9.258822958775944]]],[[[93.07350263903218,12.07916420846499],[93.03523685837092,12.13310298686078],[93.06913101202773,12.212230860584368],[93.10158952120844,12.128770088689867],[93.07350263903218,12.07916420846499]]]]}},{"type":"Feature","properties":{"name":"Odisha"},"geometry":{"type":"Polygon","coordinates":[[[86.0513135786896,22.562479091667388],[86.11663132955883,22.487003830180022],[86.2813006909853,22.448661752531223],[86.43034357835188,22.307461594443655],[86.496914642873,22.34720075145346],[86.72428109302821,22.21862464057578],[86.71971055371145,22.147281500142416],[86.79384513674542,22.15748439223233],[86.8337380321716,22.09869983326122],[86.96470692326788,22.085740517598317],[87.02669547345917,22.03708567764731],[86.99972166269696,21.913245511066552],[87.03345909902704,21.870135455562597],[87.09793152044831,21.866921676725003],[87.17041354587417,21.97993792565309],[87.23145660389804,21.95728305611607],[87.26389535604196,21.818584061116365],[87.44555308071516,21.768164312467384],[87.48610608235852,21.631901592576323],[87.37198727052834,21.56077884882641],[87.11850170888928,21.51709713252759],[86.89249967961675,21.318428931124643],[86.82935294873963,21.20864702490095],[86.84789721869232,21.095502921844957],[86.98087727113611,20.8570472421825],[86.944163318128,20.766478000571745],[86.99248207279925,20.770228038958493],[87.00003822977688,20.69783685861112],[87.05824788382915,20.716757062650082],[86.77525031476897,20.520752772157532],[86.72438071540259,20.393845378392186],[86.77619776940824,20.405421247789022],[86.79801866136017,20.363396171098778],[86.52043818627136,20.170126298465725],[86.37827390836921,19.965053695983176],[86.40889075681126,19.970388716597363],[85.6779947888005,19.743853668906503],[85.34674566561114,19.584550354456464],[84.93020967194434,19.27620666350354],[84.76626537128854,19.078143737590633],[84.67090598287635,19.166042449888316],[84.6673182810751,19.129856848169723],[84.59552990839121,19.132449645452215],[84.67085221751941,19.07633025386426],[84.60090100072638,19.024789508937573],[84.57286472110768,19.07372009530216],[84.4788930419662,18.988459288311134],[84.42108527543009,19.021991563650683],[84.43802443148402,18.920462213664624],[84.36026633028543,18.894552806981686],[84.3742267889452,18.861388498830994],[84.33053312238481,18.883215242023244],[84.36384951816237,18.8371220370249],[84.32125824030457,18.786492550447498],[84.08946241761463,18.756780528017963],[84.03848318824086,18.81643296842557],[83.89316217200601,18.8144733083235],[83.79468792364264,19.01797711827974],[83.7448533629172,18.987978895957152],[83.77824331018635,18.911363510282026],[83.62603403424853,19.162666559297136],[83.53670507652593,19.009495196498566],[83.50093572496517,19.020661675556244],[83.5117146813619,19.07031556318768],[83.46797661151712,19.093118078304553],[83.46182897033394,18.954781479718676],[83.40047319909822,19.00939573093808],[83.3106461289326,18.99867297956304],[83.3264978803971,18.931982086537488],[83.35473586617978,18.967296411037584],[83.38737765965055,18.93297862137691],[83.35248389772694,18.94346324691084],[83.40588248718697,18.842515337102146],[83.22460739788048,18.775088363365526],[83.21245198791668,18.730485591158487],[83.13902958865619,18.785364683259658],[83.01312833242575,18.64605431629037],[83.04535410387162,18.544183792269266],[83.09503912243707,18.54664254612206],[83.02094757842661,18.456242091174914],[83.06731152636233,18.430091559527423],[83.05448872314496,18.379985960626446],[82.93972698297543,18.360818804303722],[82.89499958133503,18.42410271795244],[82.80314251206488,18.449246169631305],[82.77408577091984,18.340316889263022],[82.64264984004974,18.302033150089162],[82.63768092415884,18.236704614247554],[82.58130662676975,18.31516904812788],[82.621227463107,18.359708424517066],[82.53552849405429,18.406170740878554],[82.56139578995497,18.448490233132553],[82.48275305278376,18.548722255066735],[82.36421235371516,18.421537783872513],[82.38554893678855,18.367505438106463],[82.33318415140691,18.338958255610347],[82.39233580721043,18.297949693293518],[82.31084247327082,18.20409492093322],[82.37231676270888,18.148163673669163],[82.33975796074601,18.14983450405661],[82.3407364147332,18.054794980738944],[82.28309008493525,18.073342433516917],[82.26800733346282,18.000003230665854],[82.03232382824726,18.069318553722983],[81.72562011705011,17.8788634135954],[81.6697310699023,17.886551665441882],[81.61723236076526,17.822299731304923],[81.39181253208098,17.81542026744038],[81.4001967949403,17.893569138656964],[81.44463193295702,17.885753780490248],[81.48294992551384,17.97681525070768],[81.52523925913242,18.25770827013075],[81.6591404071102,18.346560979474518],[81.75005749480314,18.352750109691044],[81.76887424822142,18.417090849581747],[81.96364103607834,18.590443202040646],[81.893769396242,18.657459232782244],[81.94894341062016,18.643710023045536],[81.97098461426542,18.698637112491657],[82.08497449672174,18.718593266522983],[82.09157948814249,18.76573078351707],[82.16543536813388,18.798624867044396],[82.1761463625715,18.902669579994225],[82.24605389682925,18.919111162375966],[82.21841508500383,19.097268871739274],[82.16609551934846,19.13269920739589],[82.19412190954506,19.325935433451164],[82.14773546740149,19.371818513125223],[82.1788347304836,19.379050864560245],[82.18944303766557,19.42752951240304],[82.12614150528,19.42908583567432],[82.10025485233284,19.516589340078472],[82.02908183707497,19.50774630253418],[82.06554745166447,19.79065798198617],[81.98594939729409,19.801089411103433],[81.96813135581499,19.859895003368745],[81.8531555490218,19.91847807547523],[81.869428138668,20.041262993404203],[81.9463814404755,20.105133312214512],[82.03256132331342,20.015720978058003],[82.0704692990971,20.05694803698863],[82.18425365622673,19.984189819349364],[82.23712345322848,20.003327648301287],[82.34424291819829,19.835017354557174],[82.4459909307589,19.91019186958452],[82.60342956134531,19.866990086382987],[82.59181276423253,19.775862827840093],[82.71139785321357,19.839995468988366],[82.71544680755507,19.99592680227738],[82.39829187935493,20.05817896769272],[82.43786215618135,20.434391279592816],[82.33223438542832,20.561906581269678],[82.37649741675607,20.632410321784228],[82.35119259662423,20.889740486765557],[82.46448537845043,20.828996058089377],[82.48874275785401,20.909402132844473],[82.62879169771723,21.03803591035871],[82.6406100625211,21.154874106944717],[82.88217626369068,21.148430461019526],[82.96493432106091,21.193275008105537],[82.99039369095502,21.13980910595283],[83.13149166898761,21.105814895743865],[83.1981037418371,21.145443457563378],[83.22295410634064,21.26576916589979],[83.27130460908181,21.272939689637248],[83.26872827906982,21.37858996104778],[83.40674673831624,21.351424651335577],[83.33788247797247,21.502100270160053],[83.38268474218086,21.62012990496614],[83.44264900229652,21.655406848301393],[83.45610766512894,21.60999610353299],[83.4896119152849,21.631464774646663],[83.41869332838746,21.680653915416933],[83.48931511120105,21.745392978979996],[83.46939415735747,21.787562044593695],[83.59088745531692,21.851101386819693],[83.60592322006356,21.91411848834036],[83.53901067132036,21.965988203140682],[83.53672055629573,22.043484656887372],[83.6064241436464,22.06658770122803],[83.56181425132928,22.098917583674478],[83.63037044435023,22.207415793689893],[83.75775074339853,22.24033948614127],[83.86426379446291,22.343275441437648],[84.01029216458964,22.37158442073715],[84.04724706588799,22.469220930927865],[83.98007195142699,22.502391585452116],[83.99760571156715,22.531028212511483],[84.14068423774468,22.47391508886067],[84.15613262411716,22.40773512078141],[84.29533479435275,22.34102486553198],[84.42813256859738,22.35326580993597],[84.53620140840623,22.427374516787943],[84.749742797043,22.41898906386059],[84.81252385746559,22.452931320866938],[84.91022614230444,22.423283193333553],[85.05967665541881,22.486445191748572],[85.11599690529825,22.294093290447474],[84.98694942605364,22.08282303939074],[85.09487496444922,22.108356414910016],[85.23629241939214,22.0098033476102],[85.3710688842307,22.16099173714998],[85.54297948104733,22.09047308577076],[85.65162355982959,22.095438575620165],[85.68487252256303,22.054226917605405],[85.80742530003526,22.116111878212045],[85.83586311758049,22.080157524845248],[85.79343721943651,22.08181014168494],[85.76299329712847,21.996144002457008],[85.90689291369246,21.970129269876605],[86.0314318836253,22.190851014833576],[85.97387573944079,22.247078558279693],[86.04720574167155,22.30895631211521],[85.99802430476056,22.341599580412613],[86.02719513164294,22.3862118381817],[85.95712322751766,22.464818755474095],[86.0513135786896,22.562479091667388]],[[86.87695795159769,21.632000339667368],[86.87684724209163,21.631507852675572],[86.87684754413017,21.6315076168264],[86.87695795159769,21.632000339667368]]]}},{"type":"Feature","properties":{"name":"Uttar Pradesh"},"geometry":{"type":"Polygon","coordinates":[[[77.602437366598,30.400339626793897],[77.96169731028162,30.24236921140107],[77.80119500776367,30.095477251814867],[77.73329742173904,29.95593372225418],[77.71429791441238,29.86945440632174],[77.79905364359686,29.686191316467454],[77.94702241789027,29.712484011393997],[77.98378705265024,29.643636973513853],[77.93330237255492,29.600514751458224],[78.02159923954686,29.580852200962852],[78.33565857727733,29.796605532964833],[78.50096430456053,29.73290471271652],[78.61773226561594,29.55802662493297],[78.94233228906792,29.438570790782585],[78.79591070808279,29.311765113720604],[78.7665514408851,29.337401030437963],[78.71858797353269,29.306640553597365],[78.8744801261392,29.230248390220375],[78.90633441072707,29.125013927309013],[79.0266987707813,29.112416977642283],[79.03583967017337,29.16939198186268],[79.12686666302223,29.13268477742597],[79.1710559267167,29.01186927034267],[79.30726595231945,28.966467525726653],[79.37235912441209,28.987471456319902],[79.42557000256323,28.866419129022862],[79.55647898655245,28.899259853489024],[79.58436163291384,28.84627264748421],[79.70666930573618,28.841009113468548],[79.81802424316703,28.88780609204399],[79.84960064303927,28.85929715913093],[79.80875761112574,28.800014805665167],[79.88822178893233,28.836557778888796],[79.91552188506463,28.80427383380336],[79.87305770660416,28.797282986952542],[79.93981968017715,28.7877167395131],[79.95416485867793,28.722833046977918],[80.03013183742141,28.748634073572852],[80.06536111815599,28.836899420447285],[80.11805162046387,28.82897971967298],[80.51762377767504,28.551960147154173],[80.50592641937618,28.670836204085738],[80.59051997976769,28.680036599344035],[80.7891945207827,28.524518634559005],[80.89609395245726,28.507019337316567],[80.9154145961744,28.457637067433648],[81.2105968577477,28.36083341323819],[81.31803069144145,28.133671567078665],[81.37351485362292,28.177300622148127],[81.44668360532606,28.16101558575043],[81.4782763037609,28.082713090882226],[81.88495845967097,27.8569505065103],[81.96832421725546,27.92912068594677],[82.06996080259958,27.923645742227652],[82.1213823282568,27.865846194566117],[82.20830671335291,27.84357872712324],[82.44867026985413,27.67931498304918],[82.70765279815515,27.722916332448197],[82.73554689250997,27.50235200199718],[83.18794793921346,27.454315447014928],[83.31758745871996,27.330163571077666],[83.4093418002397,27.412805979769182],[83.38817509528795,27.47975513780199],[83.61425338738495,27.469443245068735],[83.62953193838133,27.462985061213384],[83.83084250203211,27.369788625104704],[83.85933799215839,27.3080654528839],[83.92547514932454,27.321412963083368],[83.9050719620235,27.257615725293615],[83.99418356693351,27.175172257528835],[83.9464711107427,27.090822137593285],[84.03033732715144,27.097630366129472],[84.00006259433322,27.068587077307505],[84.04950301154028,27.043271138713383],[84.0602674650968,26.88810311933349],[84.14640816783698,26.88542433623623],[84.16609553066696,26.833768789071524],[84.25409451478578,26.85659430791687],[84.24066891888006,26.73872321898895],[84.30586511403078,26.749487789133063],[84.41970865218853,26.626814904601336],[84.28132118525382,26.59959977677539],[84.08649897995303,26.63914195918176],[84.04811958861389,26.53640354043365],[83.90808539358562,26.519077080824715],[83.90801978595499,26.447088908013992],[84.01682999778411,26.447554156744765],[84.07916622822697,26.382507213673048],[84.1766813325431,26.370683142565287],[84.16620835143532,26.24094583308241],[84.01922829929923,26.238939498145236],[84.00938416822453,26.175589452017324],[84.17002710745705,25.987676132951982],[84.5339798839817,25.87636928618897],[84.63465002061395,25.727941814076317],[84.56028280744476,25.736895669885612],[84.55743002479785,25.679511826031167],[84.53943579661622,25.726729907298772],[84.49933836632795,25.674682248262187],[84.33634484239334,25.74423365047411],[84.32434584228717,25.671033234470524],[84.276862052137,25.66041181062291],[84.10506184047472,25.72121692151912],[84.08127588686885,25.6363079160501],[83.8165557562805,25.462759418968027],[83.84635334851257,25.434351327395795],[83.35724929385103,25.199661387906232],[83.32021581829224,25.017261344886066],[83.35752812674257,24.87054178856689],[83.54795963792941,24.62287701323082],[83.50329028261947,24.525429418008393],[83.39694263655676,24.49690105883925],[83.40507011718496,24.404784468935734],[83.45726607889554,24.36454949680375],[83.38036858037086,24.313780079744216],[83.40910174493187,24.266328163856294],[83.35406203240728,24.124906731096203],[83.19948941976305,23.914582267583654],[82.9478793460847,23.871422311963777],[82.75070448101829,24.01197813882076],[82.77401941259286,24.07630432683536],[82.66523794606906,24.124487344756837],[82.74443686120733,24.16548042756681],[82.77363794218697,24.34342211527805],[82.71320695889371,24.38023575161016],[82.71918263900673,24.55246997083363],[82.80754491138246,24.548994369052306],[82.77430159530728,24.641774697851485],[82.7067017799348,24.636274844869497],[82.6708467222828,24.697026671501185],[82.53963442966851,24.64785141902766],[82.42944789057972,24.70258567257375],[82.41611016013,24.591198422096788],[82.29680407348084,24.605840417660584],[82.30314300726903,24.66710294683142],[82.2297112653864,24.681787191040275],[82.25093422015178,24.76993029459009],[82.22130441697406,24.72232775870413],[82.17745430114483,24.73232530309573],[82.20359153295195,24.819204660413455],[82.1156091603615,24.78443630034568],[82.01693989175725,24.845980103729893],[81.96526614394934,24.827039485703388],[81.9028362874148,24.891675284196687],[81.90726965338371,25.005672947216144],[81.61143401961918,25.05650150040772],[81.62621051023436,25.160466691189363],[81.57857419122853,25.190853824042986],[81.51460335816034,25.184337346825878],[81.49113448894882,25.07232370925234],[81.40726997543267,25.10491429154697],[81.43852470439784,25.130334640017466],[81.33451634399077,25.169294753436915],[81.32147214271059,25.112765828777412],[81.2775161294775,25.1660001987086],[81.21963740535499,24.92861913933049],[81.16801195741073,24.955229156778824],[81.13960423279984,24.88752740241861],[81.08450716837528,24.949907895470012],[80.95717764745349,24.91785346796881],[80.94600407857051,24.96626516697446],[80.81199111483133,24.922547752207173],[80.79220768829792,24.964868425046227],[80.85173590784531,24.9882485914656],[80.83178166129595,25.03287364419165],[80.91291196933427,25.159083116627627],[80.8846617813519,25.187938846411882],[80.83814295087606,25.180347018780246],[80.82988601232249,25.10006314786091],[80.80839653031252,25.13678685950777],[80.70438936001956,25.12837485153144],[80.77576058965253,25.05482402632355],[80.67973688582775,25.048457124845566],[80.60654218368504,25.15035825902941],[80.61313621887157,25.065695538910063],[80.48272222393769,25.100211002953206],[80.54947572216,25.002466186691883],[80.47865607746193,24.973953148851276],[80.4330916094302,25.023735468860657],[80.5018766210885,25.0372487961714],[80.44964588821273,25.078493204288854],[80.3736588937025,25.055911536877367],[80.38731548726808,25.004314399201032],[80.27362295546651,25.025973218251],[80.35533460892934,25.055634904465037],[80.35455745115627,25.138357469224406],[80.43166590931841,25.177617116282036],[80.40334383765197,25.244034308006203],[80.31079987747279,25.286407012622476],[80.31541103874517,25.388871195080625],[80.26383817181795,25.424019496201236],[80.13109688627142,25.33423010406627],[80.03341502364808,25.34202353316157],[80.00511496208658,25.26571019441068],[79.85137848099077,25.235558934968147],[79.86153175394186,25.096210056290786],[79.74849927666351,25.13935132529218],[79.60113885739749,25.127486743153863],[79.56935875151181,25.171801982594545],[79.49150418673733,25.07965418938914],[79.47724055608175,25.12745120411369],[79.40573955733487,25.106359414903068],[79.3899041422424,25.170108466909927],[79.49445901738443,25.26690565938555],[79.36859209811034,25.2924563312497],[79.36289909410132,25.261696333924768],[79.35223111829242,25.32988219979194],[79.29988614027722,25.337634454758888],[79.26446588709871,25.268945158624902],[79.35086216892783,25.263920099143128],[79.33836350120602,25.197958533132763],[79.27925209796229,25.244729435671708],[79.31365395295838,25.13623520725287],[79.2659023393464,25.121470699153065],[79.24459752986631,25.159049901200515],[79.24543597821112,25.113975712724233],[79.19220960270968,25.14621388724408],[79.1318865648744,25.10901408123213],[79.09063027802395,25.190807470661667],[79.02938071969712,25.140286538713184],[79.06368345954611,25.221757821032984],[79.01322160382348,25.274049877094367],[78.97484433174913,25.240493337830205],[79.00587348133992,25.195047170394464],[78.95385811116032,25.218962592099142],[78.88039593850208,25.157616281134853],[78.88092165492269,25.254010925413727],[78.97992458904436,25.279046523591298],[78.96061565996956,25.345083384520738],[78.88200409366902,25.343636888780182],[78.84965358584859,25.228785330651306],[78.82856616484527,25.302737114805385],[78.7877818570488,25.296007030032747],[78.88024276403478,25.385892733733044],[78.95330009613977,25.39994943110642],[78.89641841174392,25.37411094929692],[78.93871247394748,25.346976699993547],[78.98933192860308,25.374040773087827],[78.96699668609989,25.43462314317697],[78.90887281196301,25.442420488941547],[78.93936617673887,25.557219582622192],[78.83495950600201,25.5058205572347],[78.86617110500958,25.465668612406635],[78.84415032471689,25.427752463232046],[78.73634977041282,25.493815468330553],[78.76235972256545,25.426900321110907],[78.82137366138178,25.422578037004314],[78.74973997027537,25.41105950655512],[78.77458780936226,25.35310410019914],[78.65894876442344,25.38528661018887],[78.71142756376716,25.428102662158576],[78.65983462492628,25.441660027940447],[78.56650468270236,25.39353434786745],[78.58329057280692,25.346973962175753],[78.53199898649714,25.35657804373494],[78.5311930516543,25.300018231736235],[78.43503087751337,25.28416401301857],[78.57790188142108,25.254818819297423],[78.55553726742585,25.211419289476755],[78.65261672932101,25.050592446239886],[78.63173103396223,24.957694040103462],[78.78983907620257,24.810977850337718],[78.75203019552427,24.600179859968527],[78.88323258305724,24.641293513602097],[78.97152155629493,24.49424176512532],[78.92057593707212,24.499718879328874],[78.91420949778309,24.459617727022184],[78.9936477366126,24.422750142091516],[78.97145397268864,24.347605830387135],[78.88185413957461,24.217009150233626],[78.79282200430383,24.176828717422882],[78.76189158857957,24.259536894104293],[78.66863374049731,24.240037320656217],[78.5183803839798,24.38781874382011],[78.41163502061634,24.271632860977817],[78.34804626265577,24.29957777805336],[78.36578656208974,24.385976211276475],[78.22541849268714,24.521371953934494],[78.2766967064985,24.662993098689753],[78.16897052858819,24.86261988948255],[78.33385240911721,24.995499597449747],[78.3386350084219,25.086581334995422],[78.4481957787745,25.125913243256488],[78.4582472216655,25.164608054048806],[78.31173422064774,25.303300560931046],[78.34379324762843,25.328455799094613],[78.30531207924452,25.37675110342054],[78.354544565386,25.451979033870394],[78.43130659509637,25.4736295810394],[78.44359923741314,25.563203591369312],[78.6586749233027,25.559886623734442],[78.81176273671805,25.620782477318038],[78.75285584887096,25.75000239726021],[78.81843534894635,25.829007266802726],[78.8724444637138,25.801378921701115],[78.85240626083173,25.85664645598285],[79.01206317055826,26.083184803662952],[78.94887045954724,26.128679726165384],[79.02583039311679,26.191765346751534],[78.98935562795147,26.23497593619992],[79.0634447627711,26.22590460432029],[79.04564411298384,26.260307287698794],[79.11859821892634,26.300336330922068],[79.13883079721563,26.337513317656224],[79.08424409278636,26.362320416116166],[79.13517781322696,26.440130996328985],[79.05261638250671,26.453738211522996],[79.06812688568354,26.49662100347142],[78.98758791186567,26.58632264003892],[79.00377899264718,26.67373891117418],[78.94548796144542,26.654821570167474],[78.95605596689597,26.691680312148435],[78.87236231908537,26.6977867279483],[78.72290293819665,26.797267925239183],[78.57685863306767,26.74896646124706],[78.36264779360712,26.86923728150675],[78.25996135440694,26.814167686332958],[78.19682355953901,26.87952237323015],[78.2707747431748,26.915098113105362],[78.22496375414538,26.946299964710583],[78.11855672169477,26.946972571497106],[78.11119755621343,26.895877020194373],[78.04880665542967,26.910132626333365],[78.05597393945206,26.86839153627318],[78.02647414548235,26.849534096859358],[78.01458640339355,26.902911137536723],[77.90636016730011,26.917778782532906],[77.89648916787387,26.883997548081716],[77.75985269093569,26.932458834032456],[77.61033881265165,26.82857712467352],[77.50117240000084,26.844454171119004],[77.50256280144346,26.768733953914317],[77.46036144686255,26.74181553758054],[77.39787201756316,26.830367690311423],[77.76295732654212,27.00684539695999],[77.71194102168674,26.997104653929373],[77.67976655061935,27.047083397709436],[77.6300281758103,27.01020741516992],[77.56320786986092,27.029370616607878],[77.57168987749664,27.071868215094756],[77.51934596483659,27.066619470414683],[77.51774117187658,27.10245948762878],[77.68113048932834,27.19440372482424],[77.59866739555217,27.29720417156554],[77.6227095913683,27.336185533952197],[77.43952944692789,27.390715666216092],[77.437814039467,27.456318292199875],[77.3399930425585,27.526619556583466],[77.35821810212431,27.588960700767526],[77.31705938326024,27.606751506691513],[77.35258305529524,27.651237353259713],[77.282938804997,27.799789039289433],[77.53660920555109,27.933980167068075],[77.47426173158551,28.087435372248244],[77.54964096511847,28.179752528761533],[77.49696359872657,28.205349570864882],[77.55042098367643,28.242355460171755],[77.49269069636014,28.251981150918684],[77.47763095837057,28.41905523806906],[77.29997281479532,28.559756676530142],[77.3424162470342,28.608884803631053],[77.3310779468581,28.71310157695452],[77.19928204780568,28.79769513796906],[77.1886824003148,28.880077336581778],[77.2344964228312,28.910804467360578],[77.13408174916069,29.0951478727651],[77.16115485853692,29.332360004874708],[77.12329543534236,29.370342598594934],[77.15740690258636,29.38730684093551],[77.08394941526736,29.589043041421018],[77.15655281732893,29.692582423393123],[77.11980890556714,29.7600787657179],[77.17939975096691,29.813074917519877],[77.1879732472602,29.911358397146746],[77.27778414722636,30.041810994497094],[77.42386086022915,30.103206352063037],[77.42975668769817,30.163981844776796],[77.58629441195248,30.312701978852587],[77.602437366598,30.400339626793897]],[[78.50842012084445,25.17793006785157],[78.49426111148426,25.15264874280415],[78.52963459959213,25.180232917530812],[78.50842012084445,25.17793006785157]],[[83.80272216699767,27.382780268406457],[83.80264254217329,27.38272571127124],[83.80264745393714,27.382728727907317],[83.80272216699767,27.382780268406457]],[[82.20690736424137,27.84352313995369],[82.20696960734703,27.84352433123549],[82.20696962048511,27.84352542845858],[82.20690736424137,27.84352313995369]]]}},{"type":"Feature","properties":{"name":"Sikkim"},"geometry":{"type":"Polygon","coordinates":[[[88.60996090142712,28.12869119913114],[88.83627817761901,28.014814409574726],[88.88263265027646,27.890772294544334],[88.84838609257042,27.668007806066267],[88.7637469487403,27.5650700143559],[88.78254820760644,27.449654488572016],[88.91920221771568,27.32796597581278],[88.9077373526903,27.27704020324425],[88.80309592493057,27.247836112801526],[88.73862464324007,27.135399459969324],[88.5922265884116,27.191263414829795],[88.43294643691947,27.079259473066507],[88.302293378151,27.1292900724784],[88.13636117174265,27.114745083017937],[88.06465990713822,27.214311903514403],[88.01233153866592,27.21592831089446],[88.06692767065599,27.335774658284684],[88.0440841807441,27.495810602842816],[88.19717178675697,27.791172220284658],[88.12939103409873,27.949371534294205],[88.39906549188787,27.978036682434567],[88.49561875750679,28.05393126592899],[88.55080418913244,28.037571576743193],[88.60996090142712,28.12869119913114]]]}},{"type":"Feature","properties":{"name":"Meghalaya"},"geometry":{"type":"Polygon","coordinates":[[[91.83381931539688,26.11575657641958],[91.91898416206989,25.997832359422848],[92.16939946754269,26.077638089523916],[92.2748927182243,26.06565061736028],[92.1524362563729,25.94431852510616],[92.15473892630067,25.91099236193955],[92.22556165635369,25.909168540355818],[92.1510997282077,25.816638693982885],[92.15614747576454,25.67218302411715],[92.38401917338018,25.754522913584243],[92.5724912437233,25.55735049762477],[92.65299101115711,25.59092799961499],[92.56466525893393,25.465483460611416],[92.78179780114783,25.33318277293593],[92.76188768626837,25.24652833151011],[92.80085163009147,25.213955154323596],[92.66347498158456,25.17666776203833],[92.6214324939302,25.11502627920351],[92.52161728144291,25.139028698047053],[92.53942302007808,25.09905399963362],[92.4809656578318,25.10857555057047],[92.42148496601605,25.02779526038163],[92.07385081154166,25.184948141180783],[91.75603042931786,25.17749741916398],[91.74764089761655,25.140151320810524],[91.63791399498007,25.122544443155142],[91.60973426254436,25.177048345235203],[91.4710161852358,25.133586871476],[91.26801318619718,25.207243962742368],[90.73327623660607,25.154911340065524],[90.66341984301786,25.197851509479953],[90.44107623889626,25.144508367700585],[90.11811340934284,25.223456609912684],[89.96665128809178,25.303695609723874],[89.83118282300417,25.296028814907693],[89.87716782129888,25.548989115659985],[90.0202501285142,25.60748693992278],[89.89473908664775,25.744968537085523],[89.93728312556767,25.745118879935962],[89.94825901269806,25.82547064934949],[90.11685010368086,25.957217935789775],[90.39974663025784,26.01251606878098],[90.50253487139477,25.991460913137544],[90.51497982054721,25.896101212257726],[90.58787119903214,25.958070767408664],[90.6218659638009,25.897836313665174],[90.71758730532872,25.954940927521754],[90.76637659807518,25.90764048852873],[90.80905386931937,25.952437220034945],[90.91683617446276,25.91405627264274],[90.94743431211272,25.948091842867782],[90.96885474288878,25.885219157510825],[91.03054817034945,25.88580151019326],[91.00601438085431,25.82038322791758],[91.19582950984484,25.861393445712057],[91.17826192028024,25.77735153150956],[91.22245384347326,25.722563161521002],[91.33535467812194,25.840544122873567],[91.53043342224755,25.871253877125373],[91.47480862626337,25.87402100659087],[91.57984106009509,26.033247693689624],[91.63109520416714,26.021966964252524],[91.60947183545777,25.937391936806907],[91.67060048534069,25.90415143946634],[91.73106093321641,26.058926627111756],[91.83381931539688,26.11575657641958]]]}},{"type":"Feature","properties":{"name":"Kerala"},"geometry":{"type":"Polygon","coordinates":[[[74.98959247805976,12.795472184420962],[75.0094484716177,12.767512643204492],[74.98326745188265,12.73719660939773],[75.05245793540695,12.720081416723916],[75.04664217253952,12.667565992410136],[75.08600931034222,12.704034880128406],[75.15200276086594,12.683240892100216],[75.13850713019829,12.643436706750228],[75.20174205980177,12.630022872899017],[75.22031850052542,12.569102871759858],[75.27634962780743,12.618507777177538],[75.32701355205121,12.592394132056107],[75.27055616968285,12.548337238025837],[75.33660442866001,12.464082652833742],[75.41613325976934,12.500028181861799],[75.42325930782252,12.466779742254689],[75.36563054678528,12.45674557417573],[75.42192863368471,12.37266396177626],[75.41356005722143,12.29120223941955],[75.4794031177591,12.29541372052273],[75.57719751358701,12.15775460584873],[75.71473143825487,12.070443122617139],[75.8025510210198,12.078563157864455],[75.87044940242322,11.952581200244971],[76.00319868958397,11.931392018633803],[76.11230350593308,11.978655455144024],[76.11994419218549,11.850468248553312],[76.1903863883676,11.871213788301478],[76.3397381643991,11.739004691421643],[76.41423253993601,11.758848449156966],[76.44342816347965,11.643623803528296],[76.23452001230697,11.5721475412799],[76.24757353307852,11.468541064464954],[76.41870507630628,11.441783596565367],[76.54785738768356,11.358885948777763],[76.54575571184319,11.300310723958745],[76.45308802506722,11.23936772272073],[76.45844299387302,11.187681846783663],[76.62972276178837,11.1941741290287],[76.69826993605093,11.239602016623275],[76.73141625981712,11.215586171783823],[76.68955652509017,11.159574807060293],[76.74829623206875,11.135837708180693],[76.74612904788563,11.054823946390298],[76.80085968289819,11.05396593927615],[76.71088749484356,11.038722078953308],[76.6590949646169,10.930496842660023],[76.82831555531875,10.871910025622109],[76.9072103618374,10.782688409501324],[76.88247559065526,10.639707506093995],[76.81009746043496,10.624181359441529],[76.8430962108001,10.537285710309197],[76.83017260108733,10.303862645115025],[76.98244631803979,10.220120858899953],[77.17662330172027,10.358441575114806],[77.23584145576636,10.352006971752214],[77.25972315502452,10.230274563735883],[77.29495572893988,10.217898791314909],[77.26777651064708,10.121614035004718],[77.20126499247058,10.105821868805323],[77.2728548609738,9.964195103100543],[77.21825266834422,9.90429485070948],[77.24666613084284,9.797886990092332],[77.16586308477001,9.612863170897352],[77.2697138256549,9.57276956237627],[77.36112820139611,9.602262190021184],[77.36556383183259,9.535089970818778],[77.41239651305993,9.508977883254602],[77.28298744786372,9.301333182850449],[77.26681449444689,9.152461249484624],[77.14655545522785,9.02181570764718],[77.25657101718224,8.87756731383055],[77.22970898422528,8.784587991847994],[77.17001197982557,8.741795196605741],[77.2838469499323,8.546729081273087],[77.20238419884694,8.501190903357017],[77.22810009456403,8.447252862703904],[77.15110741324662,8.384472211281977],[77.17577937929569,8.320290899709654],[77.09598208904609,8.293018719976937],[76.97909818496791,8.381849669574136],[76.54508536510271,8.907275737166184],[76.34028642625671,9.407371172427267],[76.24120370659826,9.967648511505777],[75.91010115113501,10.786135209720161],[75.82838260330462,11.119143524022043],[75.6976746249894,11.424878145373015],[75.6167803661668,11.476409301934503],[75.54423250563937,11.70454249785853],[75.53003686857038,11.703570260108568],[75.45369693139948,11.770275396993135],[75.38575867897504,11.856338371839911],[75.35568251597358,11.859804743882753],[75.25033303471328,12.008189232413077],[75.2010565076612,12.006089310348726],[74.86433727728704,12.759138892991837],[74.98959247805976,12.795472184420962]],[[75.53100358456685,11.708263367808145],[75.54145983316583,11.73888926707831],[75.52668809898752,11.726634032004764],[75.53100358456685,11.708263367808145]]]}},{"type":"Feature","properties":{"name":"Manipur"},"geometry":{"type":"Polygon","coordinates":[[[93.19695370124968,24.811358764822018],[93.42752346832381,25.283240605437115],[93.47055527342172,25.305050341303772],[93.50146674649177,25.24065478817179],[93.60871555284052,25.202485176996035],[93.68899457253403,25.35778338409533],[93.80520864895513,25.46158923035173],[93.7669887748606,25.53638786396862],[94.01085603815184,25.591765559817645],[94.0880488056425,25.528153490704057],[94.19070761833491,25.547633087461474],[94.21059126486448,25.49536416702254],[94.30913949724312,25.489351645842838],[94.59113162679124,25.685660396538363],[94.5527401071594,25.50709379730472],[94.68027799862317,25.4540121847133],[94.57563976892799,25.2141236348199],[94.73660583898061,25.13477876481825],[94.74415550060742,25.03727167152996],[94.60511747899444,24.712309224658977],[94.54966326608314,24.71276966579271],[94.52920690943542,24.618023515130773],[94.3271621297433,24.327664065650296],[94.12556189166745,23.833304183068396],[93.9442263677271,23.946255848900606],[93.80738269809875,23.92707514730549],[93.75419984895467,24.005421570048465],[93.62335398857418,24.01091906610153],[93.50475997520401,23.9421865939842],[93.34882366368352,24.1047402277858],[93.25063819155766,24.020712272813807],[93.24344898526864,24.082273126305914],[93.21216892158643,24.04706266471152],[93.13777196660733,24.083954395790737],[93.09650658366682,24.04233663502814],[93.07516436241437,24.100270813978085],[92.97219494382415,24.112345734147404],[93.03931687877278,24.340741748926327],[92.99830773530526,24.39975614007989],[93.04256167657938,24.414910956662055],[93.05851076153301,24.574455650902504],[93.10436131530825,24.582381914490092],[93.0736995467365,24.708315753897857],[93.11028390891143,24.81256289049461],[93.19695370124968,24.811358764822018]]]}},{"type":"Feature","properties":{"name":"Goa"},"geometry":{"type":"Polygon","coordinates":[[[73.86782289054433,15.78437894390016],[73.9387254835146,15.743332466780076],[73.99335873080632,15.61063832130345],[74.1815489199815,15.682145986428733],[74.25197670691496,15.65431163616598],[74.28265272560792,15.531417895986028],[74.25091025828232,15.49159331015018],[74.33643732468192,15.294943116236881],[74.25111440693145,15.258850175615676],[74.31696129981678,15.18626102827297],[74.27264528924232,15.097497798166552],[74.29649516858271,15.041207958739916],[74.2015449785916,14.925723915566442],[74.15915063960094,14.955851800930052],[74.16211871296522,14.912140246148107],[74.04454498195861,14.916067139294135],[74.04104208759564,14.995434817060492],[73.91287577448333,15.083574450549174],[73.95650036014574,15.135496445640072],[73.89448983508767,15.330836068079138],[73.7831798993184,15.409528788378243],[73.68948304821971,15.71911817789732],[73.86782289054433,15.78437894390016]]]}},{"type":"Feature","properties":{"name":"Andhra Pradesh"},"geometry":{"type":"Polygon","coordinates":[[[84.67777765036907,19.16638691789049],[84.76146362405062,19.079123080073703],[84.12685923390372,18.31336564042277],[83.79497462274901,18.168398755561014],[83.56937410438375,18.011799560541334],[83.21646989470214,17.59549723967681],[82.56193646445595,17.261570438899096],[82.31930858017968,17.057849094529455],[82.24144421539651,16.908036782534364],[82.3615710574924,16.85444732695682],[82.32626069429364,16.98833516828459],[82.35564564615885,16.967794503186685],[82.3652737128175,16.875990705664062],[82.3449282832492,16.704553173610982],[82.3276883219707,16.684920935714924],[82.36533802161014,16.706654192855126],[82.31728803175633,16.66226655927992],[82.31887422757553,16.57682649755741],[82.31282272255797,16.668012140393706],[82.26308449388246,16.56301954077563],[82.31367122365518,16.558735400153335],[81.72078745016299,16.30686031736039],[81.48724222999881,16.355066310299595],[81.30301198852027,16.302095483076293],[81.21376362844713,16.20721853857134],[81.14804517950934,15.973701630419583],[81.00477138374477,15.83780445201366],[81.00845937977623,15.752928695912956],[80.93721923710557,15.714404342418895],[80.82151561509998,15.709338691488002],[80.80702031403398,15.84044593766614],[80.68060699170071,15.885399893732037],[80.42856258681044,15.804682654140608],[80.28223577279142,15.685275045683799],[80.08474095534997,15.283335679326274],[80.04698470280583,15.080181357485962],[80.09772469704409,14.779548159046795],[80.19551323321339,14.585827217924743],[80.12641315299454,14.164324501489475],[80.25308904118003,13.78591697487011],[80.24181400320535,13.470647255919118],[80.07819006739659,13.488811736576423],[80.08125942666632,13.549751527659133],[79.99859971392048,13.5427241237872],[80.04661829609996,13.493684106699959],[79.97242033301261,13.469091962929886],[79.93311469833561,13.351918027797932],[79.79173281316884,13.293524450922554],[79.76027053717918,13.318205249407633],[79.73065084226138,13.282866552505327],[79.7944930456203,13.226322045496538],[79.75499102283838,13.206478469691193],[79.68427383422319,13.244429125772616],[79.6826053188223,13.295824442855753],[79.57926644662413,13.257793447426971],[79.53460245880424,13.275397197691031],[79.53730511368762,13.338647374241871],[79.43542901005229,13.351710008300776],[79.38188803379204,13.307488113598701],[79.44542224813863,13.301252043594411],[79.40841814343744,13.265269925232634],[79.4532895316836,13.238488168165825],[79.43842770011995,13.18817543509029],[79.37403256644188,13.189257447099815],[79.36050484578594,13.123537860437276],[79.30718988460416,13.105522203938179],[79.23492917858596,13.170843828316757],[79.23442669231548,13.105229191678552],[79.18065880656115,13.0842426721713],[79.16312117049571,13.020270690676492],[78.99500121621581,13.086608974606717],[78.92394158444019,13.080809382226258],[78.90367545074146,13.047705933092212],[78.93710708583053,13.030427027411735],[78.8916430583977,13.033058680213559],[78.89158118017382,13.09708764519534],[78.71451638663079,13.068678630060433],[78.70527147643077,13.01523893890535],[78.65621474297052,13.031169707819833],[78.62089686092418,12.991240686241175],[78.65701390883952,12.932106715616701],[78.55587561405162,12.700157600917322],[78.49316512286111,12.747149594602789],[78.5200135587019,12.712013752695457],[78.46496911437966,12.624029542752547],[78.37941929722267,12.625014339384865],[78.27215434502104,12.704674584650338],[78.1993226705362,12.695381736763673],[78.24100792043278,12.7299434489951],[78.25219803872159,12.86055132385269],[78.31244647829035,12.858518506800268],[78.35409583796547,12.939687527662713],[78.46477116908575,12.866763981522052],[78.41116311341906,12.945268330050268],[78.46746130745665,12.975022803870079],[78.46219591879833,13.043214412907513],[78.53850600589182,13.105730500129013],[78.51704506641865,13.131590671524961],[78.57976521533855,13.167361904006828],[78.55006034470837,13.200181686950955],[78.587364244341,13.2806428405475],[78.3771480013991,13.33197127634182],[78.40868346027858,13.342883329103683],[78.36507718366421,13.361799269145058],[78.40200146735128,13.587971266922562],[78.23634016281297,13.598582060203084],[78.1929720757778,13.564846833349005],[78.20419671652259,13.62842182975899],[78.16757829217842,13.65582532909925],[78.08710877566794,13.643066540581064],[78.11477627270484,13.862888579534209],[78.04886531604353,13.896092574554608],[77.95298249657343,13.8273540037965],[77.9875258719388,13.955498443324126],[77.92676706905148,13.905327066741918],[77.82658838517413,13.94472489517196],[77.83707251681021,13.869741262888413],[77.71930874547857,13.800275155093802],[77.71736281566493,13.74107452671665],[77.65148800012663,13.784129131534357],[77.63058307872505,13.735915616917868],[77.52556423522725,13.753303796917521],[77.52833698752559,13.693011127745734],[77.48503995608422,13.714782797785242],[77.45533415647301,13.68226186111099],[77.43252004433373,13.843216772578117],[77.25669465058871,13.846522632895917],[77.2356219616147,13.904136624430299],[77.20043086489589,13.86303743689367],[77.18470973249595,13.925186166023238],[77.12819909725341,13.856458672830577],[77.17305224726283,13.762010054782154],[77.06470053275038,13.743832548153513],[77.02447259484585,13.779223852292615],[76.99850340244471,13.745573831107524],[76.97802134685186,13.826866874664688],[77.04165716284875,13.933433447371655],[76.93113473664461,14.030201132749482],[76.97757023739068,14.071289028252654],[76.89453446909658,14.167811611628474],[77.02332929212109,14.176687932702329],[77.02768371501044,14.061746725762163],[77.12740203090017,14.047014625031043],[77.14922279691821,14.001163220477627],[77.32223059963917,14.029994850952363],[77.37128662727036,13.952751675093996],[77.34783888862309,13.915963944938946],[77.39874273828148,13.888126184935752],[77.43788144577928,13.975521905889309],[77.33230272219494,14.030688483321297],[77.4009205046892,14.118712833785754],[77.3474666524271,14.103635839080045],[77.35171487549893,14.131104651211672],[77.39371926081385,14.174245425914425],[77.51703109259653,14.182811825845535],[77.49828158077133,14.2788485434864],[77.40644479759023,14.337747600477568],[77.39259534232491,14.198843386094472],[77.3638207179426,14.275827504131673],[77.28353703179388,14.282736808347797],[77.2865668013023,14.340099260574371],[77.13890414657018,14.339971696662882],[77.10080484528092,14.217138076665233],[76.94005596425727,14.244607638783938],[76.95672455152136,14.294346730156429],[76.88464159814146,14.347542268028166],[76.8848179703358,14.395708991911665],[76.9427148456797,14.399336533147626],[76.97481439850041,14.485330630565976],[76.86796169788936,14.474038639542156],[76.76499506102034,14.602123919866456],[76.7826869776205,14.785938286313367],[76.85397743026138,14.809444492820276],[76.86962158396771,14.937710298129852],[76.86745891061707,14.969822578641688],[76.76653884952012,14.97561706595898],[76.7766938881904,15.07840087379778],[77.08245141469877,15.006080796206312],[77.16913370312622,15.171348858829495],[77.12512048815394,15.22693956031543],[77.16693112177363,15.268584415469148],[77.11310107462518,15.333678437248773],[77.06372741679235,15.328018504671572],[76.9738366532958,15.499526754229615],[77.03003991820061,15.502648104715844],[77.03043246022973,15.634492890462298],[77.12142325950418,15.631085090990762],[77.04594488853563,15.740356155363406],[77.06520462678314,15.828194162042786],[77.02518558320814,15.83750945217551],[77.07475537838239,15.91201943555552],[77.24886650075253,15.964555586089597],[77.80351665331682,15.874135078836193],[77.88797887767282,15.906084204401344],[78.00886315973275,15.861754002801646],[78.03188963046533,15.907346334470951],[78.13399934107981,15.836260128398948],[78.25161719735402,15.935224934214988],[78.26086356519194,16.025817241628083],[78.3122616831598,16.01150983802555],[78.40789204356194,16.07480942682838],[78.5517609457221,16.042801987726804],[78.627238786297,16.087637057075003],[78.73549595656726,16.008152064274054],[78.78314582060547,16.020290208113327],[78.83775703058295,16.071858615814826],[78.83384780292849,16.144476226766137],[78.8955997384173,16.085579813436393],[78.90540158278625,16.18358981978422],[79.00950878643162,16.240215092822787],[79.2165460292762,16.227404364348722],[79.21483004171421,16.48790898860197],[79.25683797975887,16.565818756438766],[79.4186400318648,16.580245386386093],[79.77399085731739,16.73077543143569],[79.87752868342504,16.697298387670315],[79.91010613472046,16.633917748938266],[79.96307004794085,16.643532912814468],[80.07060194255095,16.80169246895956],[79.99876148265236,16.865214243261594],[80.01738367545053,16.91497497670863],[80.19645275941146,17.044033838004893],[80.29359078275094,16.99633255603725],[80.38043133468754,16.817450080587836],[80.3831542291789,16.865314956175833],[80.57024078388123,16.76800921027924],[80.61296654306058,16.793541188335535],[80.56284767739889,16.83284097095759],[80.60194158923711,16.91858989228863],[80.36340455772597,16.976065744512574],[80.40903041617585,17.091497139941417],[80.46485929795253,17.030023965298604],[80.5800192305031,17.15307217736303],[80.67055475334745,17.101187723218715],[80.65381074254964,17.06861169561895],[80.84530942782293,17.03996733941211],[80.91887724529971,17.2197374686792],[81.0312710798638,17.190330072866495],[81.17397722426858,17.230337159913976],[81.19041045977316,17.324814281847956],[81.27402880449254,17.317192872596028],[81.32264127577884,17.374547877208013],[81.14825364110595,17.463653456102588],[81.12727963117105,17.52642310710631],[81.01482637071462,17.522126379414726],[80.9693063734895,17.59837678819289],[81.00526172049555,17.64875967584344],[80.88007878623847,17.647957141115313],[80.88554629687212,17.73567811671071],[80.92785043957488,17.76177534702374],[80.97342178907027,17.780122322914416],[81.05816498236871,17.733085928714697],[81.1661344592196,17.857600544064212],[81.39185325317119,17.794179880053974],[81.47392002258344,17.837965902239315],[81.61654736103266,17.82207593418079],[81.6697310699023,17.886551665441882],[81.72562011705011,17.8788634135954],[82.03232382824726,18.069318553722983],[82.26557504927206,17.998627460027112],[82.27261164828208,18.05722115798742],[82.34388297740313,18.05799465769771],[82.33879530067993,18.146922417692203],[82.37231676270888,18.148163673669163],[82.31084247327082,18.20409492093322],[82.39233580721043,18.297949693293518],[82.33821827023998,18.326710560236794],[82.38554893678855,18.367505438106463],[82.36421235371516,18.421537783872513],[82.48275305278376,18.548722255066735],[82.56139578995497,18.448490233132553],[82.53552849405429,18.406170740878554],[82.621227463107,18.359708424517066],[82.58130662676975,18.31516904812788],[82.63768092415884,18.236704614247554],[82.64264984004974,18.302033150089162],[82.77408577091984,18.340316889263022],[82.80314251206488,18.449246169631305],[82.89499958133503,18.42410271795244],[82.93972698297543,18.360818804303722],[83.05448872314496,18.379985960626446],[83.06731152636233,18.430091559527423],[83.02094757842661,18.456242091174914],[83.09503912243707,18.54664254612206],[83.04535410387162,18.544183792269266],[83.01312833242575,18.64605431629037],[83.13902958865619,18.785364683259658],[83.21245198791668,18.730485591158487],[83.22460739788048,18.775088363365526],[83.40588248718697,18.842515337102146],[83.35248389772694,18.94346324691084],[83.38737765965055,18.93297862137691],[83.35473586617978,18.967296411037584],[83.3264978803971,18.931982086537488],[83.3106461289326,18.99867297956304],[83.40047319909822,19.00939573093808],[83.46182897033394,18.954781479718676],[83.46797661151712,19.093118078304553],[83.53670507652593,19.009495196498566],[83.62603403424853,19.162666559297136],[83.7538586417059,18.925131166211298],[83.78789069338998,18.915868919472835],[83.7448533629172,18.987978895957152],[83.79468792364264,19.01797711827974],[83.89316217200601,18.8144733083235],[84.03848318824086,18.81643296842557],[84.08946241761463,18.756780528017963],[84.34454523036963,18.80179726758662],[84.33053312238481,18.883215242023244],[84.3742267889452,18.861388498830994],[84.36026633028543,18.894552806981686],[84.43802443148402,18.920462213664624],[84.42108527543009,19.021991563650683],[84.4788930419662,18.988459288311134],[84.57286472110768,19.07372009530216],[84.60090100072638,19.024789508937573],[84.67085221751941,19.07633025386426],[84.59552990839121,19.132449645452215],[84.6673182810751,19.129856848169723],[84.67777765036907,19.16638691789049]],[[79.84566766635494,13.327576986254101],[79.84337483883424,13.321673469734272],[79.85001426659171,13.323523805817876],[79.84566766635494,13.327576986254101]],[[82.21892268659988,16.760230495443974],[82.1869132967655,16.728326516562454],[82.25437048101314,16.703619996109754],[82.31061601120281,16.735037457730733],[82.21892268659988,16.760230495443974]],[[84.33865831202823,18.787838607009125],[84.32927278643926,18.787198864311822],[84.33936148515713,18.778692088016406],[84.33865831202823,18.787838607009125]],[[84.35327451738745,18.78989311623321],[84.34967602592357,18.7887042470573],[84.35171304522665,18.785771258696634],[84.35327451738745,18.78989311623321]]]}},{"type":"Feature","properties":{"name":"Mizoram"},"geometry":{"type":"Polygon","coordinates":[[[92.76359656014,24.521121748317825],[92.82937293375369,24.373687360958442],[92.90934435617481,24.41290893043454],[93.02035434365202,24.387850129311193],[92.97219494382415,24.112345734147404],[93.07516436241437,24.100270813978085],[93.09650658366682,24.04233663502814],[93.1434683916852,24.08523853518061],[93.21216892158643,24.04706266471152],[93.24344898526864,24.082273126305914],[93.25063819155766,24.020712272813807],[93.33750724398392,24.0411685623729],[93.43690587061221,23.687040630427546],[93.40164695735628,23.383748476571363],[93.35577231281646,23.35189184018742],[93.3856126752601,23.133835360142026],[93.29353507031786,23.006439533129775],[93.18460918437533,23.05954065243576],[93.12581229551226,23.040722653796017],[93.16453667472162,22.910493465999192],[93.09471739114736,22.806186310467023],[93.14031343932153,22.592265117599297],[93.10655007415676,22.527025001874506],[93.18528978283179,22.428153023406054],[93.20178912909692,22.262566332888362],[93.1420951108776,22.245464041688045],[93.15082717311608,22.176260272417167],[93.03822004961587,22.195027984023056],[93.05957561052936,22.101252166033905],[93.00453205582623,22.103592689463078],[93.00741321045169,21.98232543162299],[92.95224888863955,22.02971030103834],[92.90385153694812,21.94003946812145],[92.8634024925945,22.062674009872783],[92.6997638180554,22.15507302627096],[92.67974785803246,22.01155267932519],[92.60321959230484,21.977625067821453],[92.52872417766051,22.665152101317748],[92.44923575224387,22.89500893278613],[92.3717782976967,22.93617108927451],[92.3923842152976,23.056450683645348],[92.34678440712476,23.235673362942734],[92.4041901574754,23.24065718406028],[92.2570645158869,23.812471719196033],[92.3251884703023,23.914089412227472],[92.33205717652163,24.179561141921535],[92.28959224856249,24.252353310549434],[92.42253185607883,24.254856038256147],[92.43642169154741,24.153032920202083],[92.4786789593353,24.142022130005433],[92.55089578411815,24.247222229246795],[92.61230294082816,24.253467542841662],[92.62476984759121,24.334075212447782],[92.68483565226761,24.346536647245095],[92.76359656014,24.521121748317825]]]}},{"type":"Feature","properties":{"name":"Madhya Pradesh"},"geometry":{"type":"Polygon","coordinates":[[[78.37335569358753,26.86208151486917],[78.57685863306767,26.74896646124706],[78.72290293819665,26.797267925239183],[78.87236231908537,26.6977867279483],[78.95605596689597,26.691680312148435],[78.94548796144542,26.654821570167474],[79.00377899264718,26.67373891117418],[78.98978350473627,26.578450518467342],[79.06812688568354,26.49662100347142],[79.05261638250671,26.453738211522996],[79.13517781322696,26.440130996328985],[79.08417004635696,26.359269608703833],[79.13883079721563,26.337513317656224],[79.04564411298384,26.260307287698794],[79.0634447627711,26.22590460432029],[78.98935562795147,26.23497593619992],[79.02583039311679,26.191765346751534],[78.94887045954724,26.128679726165384],[79.01206317055826,26.083184803662952],[78.85240626083173,25.85664645598285],[78.8724444637138,25.801378921701115],[78.81843534894635,25.829007266802726],[78.75285584887096,25.75000239726021],[78.81176273671805,25.620782477318038],[78.6586749233027,25.559886623734442],[78.44359923741314,25.563203591369312],[78.43130659509637,25.4736295810394],[78.354544565386,25.451979033870394],[78.30543609897897,25.37707613619859],[78.34379324762843,25.328455799094613],[78.31173422064774,25.303300560931046],[78.4582472216655,25.164608054048806],[78.4481957787745,25.125913243256488],[78.3386350084219,25.086581334995422],[78.33385240911721,24.995499597449747],[78.16897052858819,24.86261988948255],[78.2766967064985,24.662993098689753],[78.22541849268714,24.521371953934494],[78.36578656208974,24.385976211276475],[78.34804626265577,24.29957777805336],[78.41163502061634,24.271632860977817],[78.5183803839798,24.38781874382011],[78.66863374049731,24.240037320656217],[78.76189158857957,24.259536894104293],[78.79282200430383,24.176828717422882],[78.88185413957461,24.217009150233626],[78.97145397268864,24.347605830387135],[78.9936477366126,24.422750142091516],[78.91420949778309,24.459617727022184],[78.92057593707212,24.499718879328874],[78.97152155629493,24.49424176512532],[78.88323258305724,24.641293513602097],[78.75203019552427,24.600179859968527],[78.78983907620257,24.810977850337718],[78.63173103396223,24.957694040103462],[78.65261672932101,25.050592446239886],[78.55553726742585,25.211419289476755],[78.57790188142108,25.254818819297423],[78.43503087751337,25.28416401301857],[78.5311930516543,25.300018231736235],[78.53199898649714,25.35657804373494],[78.58329057280692,25.346973962175753],[78.56650468270236,25.39353434786745],[78.65983462492628,25.441660027940447],[78.71142756376716,25.428102662158576],[78.65894876442344,25.38528661018887],[78.77458780936226,25.35310410019914],[78.74973997027537,25.41105950655512],[78.82137366138178,25.422578037004314],[78.76235972256545,25.426900321110907],[78.73345649394679,25.48942600157518],[78.84656067576334,25.428687225140152],[78.83341375592654,25.50263820726311],[78.88264873756074,25.553961456349423],[78.95178992629943,25.548787062354982],[78.90887281196301,25.442420488941547],[78.96699668609989,25.43462314317697],[78.98933192860308,25.374040773087827],[78.93871247394748,25.346976699993547],[78.89641841174392,25.37411094929692],[78.95330009613977,25.39994943110642],[78.88024276403478,25.385892733733044],[78.7877818570488,25.296007030032747],[78.82856616484527,25.302737114805385],[78.84965358584859,25.228785330651306],[78.88200409366902,25.343636888780182],[78.96061565996956,25.345083384520738],[78.97992458904436,25.279046523591298],[78.88092165492269,25.254010925413727],[78.88039593850208,25.157616281134853],[78.95385811116032,25.218962592099142],[79.00587348133992,25.195047170394464],[78.97484433174913,25.240493337830205],[79.01322160382348,25.274049877094367],[79.06368345954611,25.221757821032984],[79.02938071969712,25.140286538713184],[79.09063027802395,25.190807470661667],[79.1318865648744,25.10901408123213],[79.19220960270968,25.14621388724408],[79.24543597821112,25.113975712724233],[79.24459752986631,25.159049901200515],[79.2659023393464,25.121470699153065],[79.31365395295838,25.13623520725287],[79.27925209796229,25.244729435671708],[79.33836350120602,25.197958533132763],[79.35086216892783,25.263920099143128],[79.26446588709871,25.268945158624902],[79.29988614027722,25.337634454758888],[79.35223111829242,25.32988219979194],[79.36289909410132,25.261696333924768],[79.36859209811034,25.2924563312497],[79.49445901738443,25.26690565938555],[79.3899041422424,25.170108466909927],[79.40573955733487,25.106359414903068],[79.47724055608175,25.12745120411369],[79.49150418673733,25.07965418938914],[79.56935875151181,25.171801982594545],[79.60113885739749,25.127486743153863],[79.74849927666351,25.13935132529218],[79.86153175394186,25.096210056290786],[79.85137848099077,25.235558934968147],[80.00511496208658,25.26571019441068],[80.03341502364808,25.34202353316157],[80.13109688627142,25.33423010406627],[80.26383817181795,25.424019496201236],[80.31541103874517,25.388871195080625],[80.31079987747279,25.286407012622476],[80.40334383765197,25.244034308006203],[80.43166590931841,25.177617116282036],[80.35455745115627,25.138357469224406],[80.35533460892934,25.055634904465037],[80.27362295546651,25.025973218251],[80.38731548726808,25.004314399201032],[80.3736588937025,25.055911536877367],[80.44964588821273,25.078493204288854],[80.5018766210885,25.0372487961714],[80.4330916094302,25.023735468860657],[80.47865607746193,24.973953148851276],[80.54947572216,25.002466186691883],[80.48272222393769,25.100211002953206],[80.61313621887157,25.065695538910063],[80.60654218368504,25.15035825902941],[80.67973688582775,25.048457124845566],[80.77576058965253,25.05482402632355],[80.70438936001956,25.12837485153144],[80.80839653031252,25.13678685950777],[80.82988601232249,25.10006314786091],[80.83814295087606,25.180347018780246],[80.8846617813519,25.187938846411882],[80.91291196933427,25.159083116627627],[80.83178166129595,25.03287364419165],[80.85173590784531,24.9882485914656],[80.79220768829792,24.964868425046227],[80.81199111483133,24.922547752207173],[80.94600407857051,24.96626516697446],[80.95717764745349,24.91785346796881],[81.08450716837528,24.949907895470012],[81.13960423279984,24.88752740241861],[81.16801195741073,24.955229156778824],[81.21963740535499,24.92861913933049],[81.2775161294775,25.1660001987086],[81.32147214271059,25.112765828777412],[81.33451634399077,25.169294753436915],[81.43852470439784,25.130334640017466],[81.40726997543267,25.10491429154697],[81.49113448894882,25.07232370925234],[81.51460335816034,25.184337346825878],[81.57857419122853,25.190853824042986],[81.62621051023436,25.160466691189363],[81.61143401961918,25.05650150040772],[81.90726965338371,25.005672947216144],[81.9028362874148,24.891675284196687],[81.96526614394934,24.827039485703388],[82.01693989175725,24.845980103729893],[82.1156091603615,24.78443630034568],[82.20359153295195,24.819204660413455],[82.17745430114483,24.73232530309573],[82.22130441697406,24.72232775870413],[82.20656917798838,24.74719457536956],[82.25093422015178,24.76993029459009],[82.2297112653864,24.681787191040275],[82.30314300726903,24.66710294683142],[82.29680407348084,24.605840417660584],[82.41611016013,24.591198422096788],[82.43048552616266,24.702585354907406],[82.53963442966851,24.64785141902766],[82.6708467222828,24.697026671501185],[82.8032830924104,24.597089273832463],[82.80754491138246,24.548994369052306],[82.71918263900673,24.55246997083363],[82.71320695889371,24.38023575161016],[82.76938283837193,24.37069823746456],[82.77321842074541,24.307362653095808],[82.72807751948339,24.135142935488584],[82.66430472877863,24.129160035282055],[82.77401941259286,24.07630432683536],[82.75070448101829,24.01197813882076],[82.81261158527502,23.959869429013594],[82.66159008498207,23.907641834213067],[82.63533777377448,23.837707948146022],[82.49740351345919,23.78490092502676],[82.2318131362648,23.805314232396693],[82.21178314829776,23.852004938164036],[82.0535809620653,23.818375170577546],[81.92147421191544,23.870912522415903],[81.81558004475097,23.80636497932229],[81.72547381869168,23.839824051409373],[81.6685822538973,23.9249623020136],[81.60841940574319,23.90226065968622],[81.69590928162869,23.72132012927904],[81.5766845080142,23.585344494326673],[81.6119911061907,23.510684267554126],[81.63727591870983,23.490364474803222],[81.7466370984825,23.569797060494558],[81.83642507261854,23.510907779231587],[81.91853341807774,23.53500224911344],[82.02330305016145,23.385841972546245],[82.1042589210452,23.397806884513823],[82.19938815359556,23.313429117300476],[82.13790635070642,23.112000531526295],[81.94225111130459,23.078965003826177],[81.94630757435931,22.95677869625699],[81.77568303866245,22.874436783479887],[81.77237064209325,22.668206078799106],[81.68331535874519,22.64690663553192],[81.62194246690862,22.538015502756227],[81.5222305083649,22.539012514621994],[81.40670439835009,22.440951034569125],[81.38205525820891,22.509818380706196],[81.32652666609332,22.52614416858494],[81.31372799585863,22.482921231277295],[81.28126925571276,22.50295422064162],[81.23219090393363,22.452155059788364],[81.17269227922586,22.4879085349723],[81.11116411061623,22.43757450079431],[81.1187181278971,22.291260507206136],[81.01946266528498,22.221184575052632],[81.02191293515936,22.132729075489966],[80.9781432994848,22.120105209978497],[81.0052664549741,22.061545113154622],[80.9219517269418,22.11995058906031],[80.82549435989934,21.95842067370442],[80.85330932905013,21.872571237131073],[80.81973914269238,21.748023244660203],[80.75599151990882,21.76206503951814],[80.71566474595748,21.674040460150216],[80.73527418816535,21.46091969948562],[80.62133786800037,21.32036879155678],[80.52762242513845,21.394870518075866],[80.40758493669992,21.38029393022706],[80.37719490797888,21.522246641428158],[80.25344716495091,21.62475454994299],[79.89124462850783,21.518186689397815],[79.73762860104199,21.603856317487605],[79.54061072419609,21.542680183045263],[79.49620611268425,21.674225024379076],[79.23118581662872,21.722284059139035],[79.2240204559888,21.64880384436589],[78.9143521330811,21.588986219796293],[78.93669239033235,21.485766713787378],[78.75084854906528,21.492983976601042],[78.72846590193014,21.462293055312053],[78.51164497923287,21.52869017043394],[78.44965460050835,21.49551828403375],[78.38742506154342,21.61483902894848],[78.36306170773358,21.575203865427003],[78.18188675678691,21.557343134456605],[78.17621421986046,21.499755007092453],[77.94118886085052,21.38577168092788],[77.80115490900849,21.409595122428517],[77.73710770203269,21.362202407608162],[77.69199154697466,21.397565055690624],[77.58711116789647,21.36283961684665],[77.5317192728718,21.419146108988805],[77.48805758322085,21.374358768549584],[77.4255574809694,21.53774042111788],[77.61148169574555,21.538820681182596],[77.54425979073571,21.70226332070889],[77.47909416410214,21.769986912247095],[77.28988799483102,21.760344961892176],[77.21042444671014,21.68964519288446],[77.17603381482317,21.725754763664856],[77.07321874910454,21.719454083916645],[76.90161709045857,21.596843988993427],[76.7952622104822,21.593910841748166],[76.78402002806831,21.462373585501897],[76.62174738681473,21.332291417820436],[76.66289915584544,21.2759649706312],[76.62348876908273,21.185038918833932],[76.49337319454298,21.193944417716192],[76.45556008001459,21.10807037986699],[76.16740086195973,21.079484458282824],[76.11348044057212,21.155394014806394],[76.1763960848517,21.183995271974783],[76.0965994102916,21.371769540014444],[75.29874035571365,21.38556732150189],[75.12583021823475,21.44926127858863],[75.053315568387,21.564824536664734],[74.90168344159548,21.629238056134866],[74.78287404721601,21.610690364066958],[74.55420484625887,21.681362397138496],[74.5055883307086,21.726306182521725],[74.52405049944389,21.911164201121128],[74.43938976919337,21.976723983557147],[74.44331833846897,22.023387818118433],[74.20543115527869,21.92610538155446],[74.0969315469407,21.99927136739871],[74.17865316634659,22.085476738671776],[74.1244619345886,22.097908020989497],[74.12232902287171,22.21239679199213],[74.0721746616135,22.219157217904847],[74.06476611311473,22.354606578015655],[74.19033394624842,22.320259934059806],[74.20404151936165,22.366707305274982],[74.29117849334914,22.39401244188278],[74.19340097141149,22.47547629324978],[74.11911222789172,22.418761480366207],[74.08251716025515,22.506784634244667],[74.02938213127521,22.507954382467005],[74.07463867125949,22.551401869479573],[74.14775434828628,22.513878271365424],[74.26355672197111,22.643972408591377],[74.37906044492851,22.63443340336003],[74.47643265409489,22.854815957517467],[74.44683291180174,22.921081165858414],[74.3934082807246,22.89660288708774],[74.339495299815,22.952888933167227],[74.36532340214637,22.976966223587553],[74.31890126509937,23.058661231642912],[74.38620213845485,23.111517904509633],[74.50586347130267,23.085141292377706],[74.74213626493525,23.208912309588236],[74.6920658903362,23.219151618625833],[74.69995554200446,23.26836555377775],[74.54666919724026,23.277121009032832],[74.5140369330638,23.328045553102896],[74.60388673804627,23.457264958996074],[74.93653884452709,23.628770649439364],[74.9026183638324,23.87295132024772],[74.98229827798616,24.02541073335537],[74.90352131598041,24.10930370317334],[74.89710414033621,24.227289305151302],[74.7471104211135,24.253468529397946],[74.85387266896748,24.444528823716603],[74.70872712421486,24.486473438785918],[74.81413868496925,24.650181748034175],[74.77193686522996,24.661480720558753],[74.79977788072156,24.7790680974533],[74.88907863231218,24.633831854429157],[74.94309004832738,24.63780423456812],[75.01603307227138,24.732120318220353],[75.00148885755593,24.774524068187908],[74.84937296099727,24.776134431544083],[74.83322436291387,24.95971557031438],[75.03304765996265,24.844409362298524],[75.11693038089624,24.878261522409243],[75.1549953242773,25.033991118435047],[75.33215984999038,25.041494485195745],[75.3184473547353,24.8941559656681],[75.27389244738886,24.964041358147725],[75.263434391708,24.874855292241882],[75.42575522707068,24.8690665232938],[75.3115954138337,24.801176296727125],[75.22409133581681,24.843924273767076],[75.25232037331918,24.81310537388704],[75.18440053412512,24.7485538091744],[75.2194433443348,24.702554910421977],[75.45645528579983,24.680449946882284],[75.58297223193786,24.713264894318485],[75.61078627497673,24.68040737778282],[75.75683319604093,24.761553363719635],[75.83360573704925,24.73184547272098],[75.8248472289595,24.613454005737232],[75.91446119304199,24.572252190319194],[75.90905978702182,24.455009254508607],[75.83879029776314,24.41417929779658],[75.78940368016006,24.471531083623496],[75.72775111106476,24.39051563140259],[75.83023183965665,24.233759054296122],[75.74601173408537,24.121269175215783],[75.83672348438871,24.057063417186445],[75.71751818071718,23.96685848557622],[75.67433858330126,24.017675989228962],[75.59552487762512,23.98999990624548],[75.52105120511763,24.025020817503574],[75.47468024745207,23.98284005581986],[75.46205650363598,23.914762636255393],[75.56322299163291,23.857577104023477],[75.58344783898353,23.794823042705172],[75.6545033080102,23.798403803464204],[75.6867188055648,23.755939335297032],[75.73640599396573,23.856245816720637],[75.70608725835666,23.899095448856617],[75.78124954569901,23.84872711721193],[75.98136315460246,23.928969918313957],[75.96345526887603,24.01870691026271],[76.1267924219471,24.088730448251326],[76.1173828313836,24.193987731807564],[76.18551582994978,24.32927644238379],[76.21255492907339,24.20993988672527],[76.32291453791893,24.245544848721316],[76.41168265947086,24.20050618827786],[76.47050997222067,24.226150417631363],[76.52742399942889,24.156734330374746],[76.57772756909273,24.179174340207744],[76.5835449209151,24.242865748735685],[76.6927737184835,24.286481904623976],[76.69831268547931,24.168467267239716],[76.80128698431815,24.116672846149395],[76.90060021842241,24.127432381650348],[76.9473974231395,24.201310539856713],[76.84105422700583,24.32241452449132],[76.81638913983153,24.533583287083797],[76.91789657790585,24.543475067696047],[76.91842046956364,24.480691114482752],[76.97760961310958,24.46138378391858],[77.07133127917696,24.572763244806875],[77.03166639193475,24.711316003780915],[76.95396506669327,24.76036031789592],[76.85612990587349,24.742486369491125],[76.80199684492524,24.810133707735314],[76.94856331603575,24.869071511941563],[76.85677899002893,25.002475856460016],[76.87615876452134,25.04140027043787],[77.08482895904314,25.05423943580923],[77.17442483765151,25.111808942146244],[77.31077998557913,25.07983274590911],[77.40661696863692,25.11168642138908],[77.42661602538246,25.188074246783138],[77.34212159214486,25.32177070402292],[77.37096901894637,25.40849315560446],[77.29380345905865,25.424294971506463],[77.20941762770165,25.30630510458364],[77.08367344851258,25.336557671108412],[76.9466178357048,25.28233245779438],[76.90153901361752,25.323634707143597],[76.67239440849293,25.348090894585756],[76.55597629212448,25.452030087699825],[76.47342582139852,25.709918466857474],[76.52376731005313,25.729831750046664],[76.58205282172815,25.87042121975841],[76.78902763971635,25.94109247613541],[76.900695199017,26.093154577278888],[77.26975554989662,26.266818761302705],[77.342509520823,26.352018543103476],[77.44467695906599,26.361761486703163],[77.43734922878816,26.40327687090296],[77.53838085437647,26.41129648879462],[77.82201137022122,26.549578183886375],[77.90425945419197,26.659063458024264],[78.0004319580406,26.694856720960452],[78.08973143870584,26.674467334181536],[78.11326456848187,26.794842091257905],[78.18347295466218,26.78365271737039],[78.17352874694744,26.82446531587995],[78.26790776079089,26.8135792789559],[78.28726145800029,26.85676481798228],[78.37335569358753,26.86208151486917]],[[80.94973168644844,23.335826380031534],[80.94973163726283,23.33582647242079],[80.9492344174783,23.336521672528708],[80.94973168644844,23.335826380031534]],[[82.1571749335205,24.377784477417023],[82.15730899460087,24.37748428942858],[82.15730687511751,24.377489087232725],[82.1571749335205,24.377784477417023]],[[75.20073258809187,24.867840570969445],[75.25067074720023,24.880508385494903],[75.20847370196276,24.89430040684391],[75.20073258809187,24.867840570969445]],[[79.35610714008409,25.040469385529658],[79.42591136123379,25.058588859967582],[79.36030509562445,25.14426126695137],[79.35610714008409,25.040469385529658]],[[79.35446586312183,25.17589177790173],[79.3725558922238,25.18001588075913],[79.35952063510754,25.188552940782476],[79.35446586312183,25.17589177790173]]]}},{"type":"Feature","properties":{"name":"Telangana"},"geometry":{"type":"Polygon","coordinates":[[[78.30702795421898,19.914297658242138],[78.49023818998143,19.792684559228],[78.55200654627697,19.82408469304058],[78.84096348478806,19.761890189223497],[78.85192033490507,19.65836092775473],[78.95555847129177,19.65579110813633],[78.94044362937247,19.551868411559308],[79.09803453836462,19.532026881420027],[79.19031195462547,19.458984849254072],[79.24355709093142,19.616689052368436],[79.47142490469666,19.50019183678091],[79.53992722596661,19.55466137298751],[79.59615398033772,19.507277434303006],[79.6279195127127,19.573170932449365],[79.75344828396562,19.60753402112516],[79.91486569231068,19.495840734457488],[79.97971729456467,19.389404913403705],[79.92474234622513,19.22729937443114],[79.945668550224,19.168936715859154],[79.85842957604108,19.102416350685413],[79.87110278011947,19.041017061991607],[79.94026315311913,19.032563966267205],[79.96160503228572,18.866626733037812],[79.92104790086282,18.81023084074164],[80.11812186679335,18.680516928084995],[80.27994809460097,18.720740247848788],[80.34812288544065,18.594139357646693],[80.51466072365731,18.619332636750812],[80.73487355379768,18.41284065588539],[80.79428442720932,18.254562695853675],[80.7369030720587,18.177164717443286],[80.79911330907024,18.168169907659728],[80.8367245580331,18.23891993280654],[80.86666952951717,18.136923548082656],[80.97902751846426,18.175411410920916],[80.94925719671657,18.082861759218442],[81.00821900535934,17.799366418824075],[81.10426222701098,17.77200652315644],[81.05816498236871,17.733085928714697],[80.97342178907027,17.780122322914416],[80.92785043957488,17.76177534702374],[80.87813191079675,17.650668452940792],[81.00526172049555,17.64875967584344],[80.9693063734895,17.59837678819289],[81.01482637071462,17.522126379414726],[81.12727963117105,17.52642310710631],[81.14825364110595,17.463653456102588],[81.32264127577884,17.374547877208013],[81.27402880449254,17.317192872596028],[81.19041045977316,17.324814281847956],[81.17397722426858,17.230337159913976],[81.0312710798638,17.190330072866495],[80.91887724529971,17.2197374686792],[80.84530942782293,17.03996733941211],[80.65381074254964,17.06861169561895],[80.67055475334745,17.101187723218715],[80.5800192305031,17.15307217736303],[80.46485929795253,17.030023965298604],[80.40903041617585,17.091497139941417],[80.36340455772597,16.976065744512574],[80.60194158923711,16.91858989228863],[80.56284767739889,16.83284097095759],[80.61296654306058,16.793541188335535],[80.57024078388123,16.76800921027924],[80.3831542291789,16.865314956175833],[80.38043133468754,16.817450080587836],[80.29359078275094,16.99633255603725],[80.19645275941146,17.044033838004893],[80.01738367545053,16.91497497670863],[79.99876148265236,16.865214243261594],[80.07060194255095,16.80169246895956],[79.96160903813741,16.642579472312022],[79.91010613472046,16.633917748938266],[79.87752868342504,16.697298387670315],[79.77399085731739,16.73077543143569],[79.4186400318648,16.580245386386093],[79.25906792611967,16.566921747245434],[79.21483004171421,16.48790898860197],[79.21335673054158,16.2247119871027],[79.00950878643162,16.240215092822787],[78.90488777195365,16.1828758423173],[78.92043612219429,16.10199953701233],[78.88922048332883,16.08478961340277],[78.83467037326206,16.145161174782576],[78.83705848175579,16.070374164596583],[78.74090664763528,16.00866298043281],[78.62097532080458,16.088047495514658],[78.5517609457221,16.042801987726804],[78.41005991355571,16.075066032210145],[78.3122616831598,16.01150983802555],[78.26243892306776,16.026711387064857],[78.25161719735402,15.935224934214988],[78.09897687725686,15.836003515083792],[78.03188963046533,15.907346334470951],[78.00886315973275,15.861754002801646],[77.88797887767282,15.906084204401344],[77.80351665331682,15.874135078836193],[77.51343823631433,15.926792673577197],[77.49006612710227,16.2551806908109],[77.59771911320239,16.292805370407322],[77.59538306047949,16.342199612779353],[77.34909714407628,16.38384563695519],[77.2357611033931,16.47274414705199],[77.36901286931099,16.48867157928961],[77.41911686689409,16.52237853720541],[77.3928746096156,16.569974612446007],[77.46739667626663,16.598837089694474],[77.47611074997974,16.650107303377734],[77.41886052164001,16.66857249990399],[77.46980175857252,16.68703024077782],[77.42606795984172,16.72287394553074],[77.43949890220897,16.789131810256666],[77.47650142561761,16.788368253496138],[77.45401596267433,16.91389784770137],[77.50253169057937,17.01410470894407],[77.46362286865647,17.10999695559334],[77.36372438656191,17.158781904217737],[77.38018772627498,17.222530665491806],[77.45853529915487,17.278997464270745],[77.45360631992261,17.37399009679897],[77.5298019799306,17.37071151639049],[77.5129984994176,17.430870496803642],[77.692395617099,17.49687922218106],[77.59379993896896,17.564513304971378],[77.5068988351715,17.542279134203792],[77.44311907245238,17.58396335490256],[77.45243023108533,17.69470354673164],[77.56853431282666,17.74890651665537],[77.50655745928482,17.78595283421517],[77.65585526731545,17.968839416619016],[77.54763574330508,18.056131274646965],[77.59880377883157,18.09333147179085],[77.56346061371134,18.196129144857927],[77.6054216758358,18.281281314286776],[77.5227341812829,18.345398330732866],[77.55675613338198,18.417143480099252],[77.52751609191726,18.442111380300258],[77.58529740950156,18.446792444201822],[77.5485634748278,18.468581449662985],[77.60312612298145,18.4768476628224],[77.59636949003172,18.54894151695619],[77.73849967118824,18.556788845762963],[77.75350382874916,18.7009921143675],[77.7872883141695,18.682640108424565],[77.83995486305697,18.804821641400828],[77.9482754093251,18.829097253546305],[77.84325429228905,18.908693501924734],[77.85859170357054,18.94911110216383],[77.77149721782985,18.979159190688996],[77.7619963582024,19.031852768452215],[77.80993431882106,19.10473409493197],[77.85039508563106,19.088557016478532],[77.84772108217612,19.18959507219062],[77.90756363220414,19.26822849549697],[77.86345884220205,19.304196463524008],[77.94512195425281,19.342453083851584],[78.04161363103862,19.243428259608987],[78.17532104630791,19.23757866793993],[78.17619006927595,19.412262578682128],[78.30434100359317,19.45613716079522],[78.27431081159573,19.553974696468956],[78.30556695794515,19.607066645201034],[78.2626490946294,19.66506434843502],[78.34313419040525,19.71325012499174],[78.35889087070576,19.80288533964608],[78.2853133267665,19.856617084412246],[78.30702795421898,19.914297658242138]]]}},{"type":"Feature","properties":{"name":"Haryana"},"geometry":{"type":"Polygon","coordinates":[[[76.84483291586041,30.889259739009688],[76.9168721905175,30.900765375402607],[76.94263872091284,30.817429158151178],[77.01252071767978,30.809185838847366],[77.01751047514347,30.743419920048705],[77.16120666465628,30.690931214243204],[77.17377385954904,30.600554922333348],[77.1217311194284,30.56293755865096],[77.21350554280177,30.468407075470797],[77.35358305651837,30.460747739078936],[77.4095404474307,30.40979018313581],[77.4590119581281,30.458100868748378],[77.445317681102,30.395997986930695],[77.51979698150147,30.44539073617796],[77.60459120018155,30.36739408667374],[77.4238608602484,30.10320635114845],[77.27778414722636,30.041810994497094],[77.11980890556714,29.7600787657179],[77.15655281730777,29.692582424308362],[77.08395022009269,29.587238843987283],[77.15740690363208,29.38730684095399],[77.12329543534236,29.370342598594934],[77.16115485853692,29.332360004874708],[77.13397391103528,29.09600050328549],[77.22810082083754,28.88118602418193],[77.15774862293094,28.8366898613414],[77.08265993761157,28.883499533521807],[76.95101404410157,28.81818304887001],[76.94299481189152,28.627997364775943],[76.88833365505567,28.63195563621083],[76.83889220401048,28.573276119343767],[76.88544731769422,28.501136079805335],[77.00665313313567,28.54140707960549],[77.09344783641009,28.513949608652226],[77.17448319599815,28.404667504508527],[77.3451118792455,28.51322955450971],[77.47763095733295,28.419055238052636],[77.49269069636014,28.251981150918684],[77.55042098367643,28.242355460171755],[77.49696359874498,28.20534956994726],[77.54964096511847,28.179752528761533],[77.47435260282073,28.086717890710155],[77.54607735464757,27.957930313741613],[77.46091645707241,27.876200518108693],[77.42013490974308,27.89044169644003],[77.42185588651273,27.85437726254294],[77.24173663890632,27.78354175655357],[77.20207262224785,27.823757978095852],[77.13521924998153,27.77508605632302],[77.04479888321802,27.82098208503249],[77.02657669326712,27.779239077370136],[77.08566105747366,27.738088908640783],[77.00009802751406,27.736969204205216],[76.97937298549284,27.653598902969854],[76.91154672618066,27.654027637787692],[76.8893425904175,27.697150825624014],[76.9247262631682,27.699921355827346],[76.89254554400488,27.732326580575286],[76.97054880112351,28.138427943072777],[76.86814232583306,28.2197314751349],[76.65726543826395,28.08929694915965],[76.66815763725705,28.013829143848465],[76.54813574956144,27.96384360029331],[76.54381998681694,28.034206041149556],[76.45467440797326,28.04232637644454],[76.50124380541403,28.05968719284812],[76.44784097031534,28.08895972870221],[76.49904728211496,28.100198324151158],[76.47573565201385,28.148583100074802],[76.38172728873629,28.133235325468636],[76.29226597811558,28.179216267881365],[76.3598612488982,28.124918607229482],[76.30144182565802,28.097869244047132],[76.35566974522993,28.07073236365251],[76.34236345711857,28.030575640004518],[76.18040487282178,28.05451891019206],[76.21480269055115,28.02658257967887],[76.15778333830151,27.988982095334404],[76.21732669080286,27.81681039087367],[75.97137315908742,27.85196617458642],[75.9874869699292,27.90416295226547],[75.93235600820846,27.930138311492826],[75.9727151648662,27.93266635659682],[75.97273434602619,28.02363748819621],[76.04079725352693,28.074057534394818],[75.9844104682834,28.047085097086054],[75.94556430353227,28.107164502310546],[76.03178542033103,28.1678597533303],[76.09545340986342,28.150861933103492],[75.91824285295466,28.371999386799715],[75.77679446976873,28.400372702184296],[75.7882945681805,28.453549292347002],[75.56151886466641,28.613214496470054],[75.473396253469,28.92337971846341],[75.52199599046315,29.0037452871275],[75.44571898077444,29.008320485547365],[75.37150030414435,29.138102572262905],[75.41069849696314,29.255474996158252],[75.34984187337969,29.223773526352122],[75.32204776119478,29.289491815001867],[75.23839456139567,29.23023800450389],[75.18800647383834,29.268190695523366],[75.0755424694626,29.229689000261732],[75.05000084533248,29.28607589442836],[74.961167817174,29.28058213499511],[74.93828478656337,29.362033472022404],[74.85058123453392,29.403593886722092],[74.59928645014568,29.327456258794456],[74.53465647283117,29.44771617725348],[74.62189401503684,29.522247413317178],[74.57497246653227,29.564320617165677],[74.61594035896749,29.752266191323276],[74.47334299654756,29.77006994808405],[74.56105626291126,29.86977596309709],[74.50979164725968,29.908424124930267],[74.53156555049307,29.94967228300043],[74.6508062068332,29.9050838508656],[74.70687218499562,29.9769858587512],[74.81146244322106,29.992400527304348],[74.92670735802103,29.950488776127685],[74.9909925863383,29.867823052416544],[75.0987808515918,29.91278138971648],[75.10058608058692,29.807077107022216],[75.15099206172182,29.775523275773327],[75.210306581788,29.832876388133368],[75.24135322052435,29.750485046075696],[75.16759664601203,29.669538840637045],[75.23536725133292,29.54207003292258],[75.30947560422523,29.560834568787413],[75.29573755157331,29.62503363818023],[75.45954175914439,29.807513788088073],[75.57997526731725,29.739091771243558],[75.64246326030283,29.775091313465627],[75.70644677875633,29.753196249027646],[75.72067567325192,29.813543337196005],[75.7788323845669,29.82234347914863],[75.83775523556625,29.813017913682117],[75.87025026267152,29.74930259676951],[76.04384734737995,29.74267699243955],[76.09808487150966,29.810606722419443],[76.24381627492396,29.852407999006974],[76.17197248079843,29.926272262980365],[76.26530342076674,30.098782177727124],[76.19637816708274,30.123452941293205],[76.20767005224162,30.15699338554456],[76.32176338370707,30.095059083600017],[76.35049032120848,30.14683074737087],[76.4000649442277,30.116670434582645],[76.42273753816389,30.19223809040406],[76.46254863002669,30.10102026358375],[76.54375945408265,30.07427346317757],[76.64374393497474,30.1502112011944],[76.61419091028048,30.204433218195746],[76.65712797749826,30.187121404061642],[76.59633305471156,30.25520704492634],[76.54567349279283,30.22554700878624],[76.55668003785445,30.262437900880467],[76.74609177717085,30.349533607900014],[76.74104729945468,30.42621776907558],[76.84678966422877,30.438078654102068],[76.89826163162019,30.358818560188794],[76.93867910068269,30.386094297007443],[76.89755229685689,30.43710281933255],[76.93201796698266,30.522187947559463],[76.88649889762318,30.5498293758381],[76.92601139709915,30.610063658693782],[76.87644726955935,30.680505493564993],[76.83153942741627,30.66475008906287],[76.85698718313007,30.794747464606996],[76.77608651199236,30.90597105966245],[76.82240394012453,30.928542746083405],[76.84483291586041,30.889259739009688]],[[76.92203041947162,30.88261127072641],[76.9174135443569,30.88346072382477],[76.9242442549133,30.876454389632265],[76.92203041947162,30.88261127072641]]]}},{"type":"Feature","properties":{"name":"Bihar"},"geometry":{"type":"Polygon","coordinates":[[[84.1089555054536,27.52131247320852],[84.20892735216881,27.442600070261918],[84.2542608811781,27.454049675780105],[84.29238239828238,27.384811475375905],[84.6218931372992,27.336927258464193],[84.69114429683657,27.214821896877197],[84.64339412658396,27.04614439912629],[84.96257966946526,26.96052643147265],[84.96806374761866,26.916144566475722],[85.06119721455943,26.886585177118633],[85.02397011253727,26.85437718425036],[85.19084216019924,26.869824366450178],[85.21262051360955,26.757997774535507],[85.33451084393056,26.741667808155615],[85.63455407572266,26.87221158934207],[85.73447894346069,26.795872424525378],[85.73417969118405,26.65076038393403],[85.85125978947163,26.608677267163493],[85.84920896382357,26.56899831859563],[86.02758022923757,26.66678710830016],[86.2176767341278,26.588479684563286],[86.33289016747645,26.61913730108484],[86.73139786252264,26.4226162416067],[86.89423006306326,26.461926883765216],[87.07182236133201,26.585813816721856],[87.09165080966059,26.450292172457875],[87.3410923732226,26.347519080415722],[87.36889272583446,26.40793757900366],[87.46377151389241,26.439509162004178],[87.61040431913044,26.380777386377417],[87.67755780068075,26.435456016323105],[87.7647597329498,26.409882062683753],[87.78951446257892,26.469431195240738],[87.84882825742572,26.436463403808876],[87.88829355672625,26.486759679352595],[88.03050415705266,26.364922124980485],[88.09597852804883,26.439987544887906],[88.09807421784015,26.537948188226167],[88.22548740659185,26.556745156403565],[88.17988646183657,26.48764302321303],[88.22436002654113,26.481946739114285],[88.26957878016505,26.420445107005023],[88.23221487847273,26.379598119885976],[88.29353268521868,26.350817930091267],[87.97490203880967,26.14337373822465],[87.98562146630373,26.07766010143835],[87.85592495137286,26.035976232132484],[87.8073739975093,25.929852279261286],[87.82982763248548,25.870647940007917],[87.91469006913924,25.853946790273103],[87.90417097743195,25.7711306094944],[88.04864996800485,25.69708698841574],[88.02026472306495,25.591149365409734],[88.0733799805278,25.484311831945746],[87.92772228624335,25.537196028044637],[87.82478083040178,25.437948242152753],[87.78725745207403,25.450401085309736],[87.76587585502485,25.385270198672856],[87.86142947349983,25.281422139316582],[87.82730326924073,25.235288573501276],[87.711340820659,25.25764379696697],[87.69208271638297,25.311532660938916],[87.58388996337786,25.349180877805125],[87.54271901731158,25.28094083303104],[87.48610067284443,25.297265841377374],[87.47780680068097,25.19414299826143],[87.32728937947114,25.22361795422277],[87.29540196169543,25.088536932553318],[87.21428757120482,25.09122983716594],[87.14622730538522,25.02000677608787],[87.15554683825789,24.885017535052885],[87.07433579450148,24.819854372933648],[87.05063748104824,24.60878301919074],[86.93759045107913,24.650167508444],[86.91457948926738,24.542205415966883],[86.80314931763027,24.57032494455891],[86.7890092520133,24.61869418516991],[86.67023936104167,24.564878243907685],[86.60329328387742,24.608380499835864],[86.5095658212234,24.52219200542258],[86.4448996264413,24.367829759341788],[86.2760107505801,24.46579893257376],[86.32320496364551,24.586792047796656],[86.1253171176397,24.611484046737502],[86.12835506632896,24.698647366477072],[86.03709064930362,24.741126446520546],[86.05510471768491,24.779692571391006],[85.94439657061548,24.733570117223476],[85.86723344882311,24.804246704880228],[85.73673034227608,24.821060457377467],[85.64921379529623,24.684765956360692],[85.66738273614816,24.578892323609658],[85.58076733281084,24.600680957171505],[85.5239626931881,24.521270663154034],[85.37077608782052,24.55534975359633],[85.39193354710699,24.530345183151187],[85.16075203463319,24.46033928622331],[85.17390439747483,24.42062024744863],[85.08904614098948,24.37249883996049],[85.08102162796062,24.433035695687483],[84.90382942815427,24.372247481032943],[84.88727715552886,24.46328326124417],[84.84009517094063,24.45219127818219],[84.80189100360622,24.53074439256122],[84.68531790971609,24.45512461848152],[84.66506643972185,24.39087766104835],[84.5681914362494,24.40943987887267],[84.49590416039288,24.286068656709215],[84.50528543515364,24.331331417351137],[84.42440163793415,24.32983749529904],[84.29737514195178,24.449391352708414],[84.32752822044517,24.492355386191598],[84.29683772977671,24.56057637942897],[84.25679259433107,24.526884536390707],[84.18723279948364,24.552928863486567],[84.16974935810319,24.50333014013893],[84.14427896538737,24.538251696082753],[84.11080902413565,24.476735184278983],[84.00779142749741,24.64289158086801],[83.873146279356,24.531750405622926],[83.50330090693372,24.52535367670332],[83.54797914295752,24.623278768353213],[83.48933955097196,24.736328519755947],[83.39305013579656,24.782733924435625],[83.32021581829224,25.017261344886066],[83.35724929385103,25.199661387906232],[83.84635334851257,25.434351327395795],[83.8165557562805,25.462759418968027],[84.08127588686885,25.6363079160501],[84.10506184047472,25.72121692151912],[84.276862052137,25.66041181062291],[84.32434584228717,25.671033234470524],[84.33634484239334,25.74423365047411],[84.49933836632795,25.674682248262187],[84.53943579661622,25.726729907298772],[84.55743002479785,25.679511826031167],[84.56028280744476,25.736895669885612],[84.63465002061395,25.727941814076317],[84.5339798839817,25.87636928618897],[84.17002710745705,25.987676132951982],[84.05597243553419,26.09999157905789],[84.01231261920461,26.232399125661892],[84.16620835143532,26.24094583308241],[84.17644148355404,26.37127842063863],[84.07916622822697,26.382507213673048],[84.01682999778411,26.447554156744765],[83.9078594180241,26.447291885515163],[83.90808539358562,26.519077080824715],[84.04811958861389,26.53640354043365],[84.08649897995303,26.63914195918176],[84.28132118525382,26.59959977677539],[84.41970865218853,26.626814904601336],[84.30586511403078,26.749487789133063],[84.24066891888006,26.73872321898895],[84.25409451478578,26.85659430791687],[84.16609553066696,26.833768789071524],[84.14640816783698,26.88542433623623],[84.0602674650968,26.88810311933349],[84.04950301154028,27.043271138713383],[84.00006259433322,27.068587077307505],[84.03033732715144,27.097630366129472],[83.9464711107427,27.090822137593285],[83.99418356693351,27.175172257528835],[83.9050719620235,27.257615725293615],[83.93247033584342,27.311388933569617],[83.83657187547412,27.32221502535671],[83.88325014947816,27.37423807283508],[83.84725909934699,27.445636233761526],[84.02692707377086,27.433540680144045],[84.1089555054536,27.52131247320852]]]}},{"type":"Feature","properties":{"name":"Ladakh"},"geometry":{"type":"Polygon","coordinates":[[[74.69012297926052,37.088140418087065],[74.74942402732891,37.01938672139562],[74.83582849093408,37.03799344195363],[74.91557908872737,36.92025930247869],[75.01567143404071,36.9907227778836],[75.1091517034182,36.96189880756283],[75.2109562692248,37.050016634663365],[75.34131371639953,37.06076298485393],[75.46326658346673,36.8303131252498],[75.6127242753683,36.77527007822907],[75.80702156008789,36.56342352342288],[76.07115388255227,36.48424215738388],[76.26650197769702,36.3588427988568],[76.35392725221388,36.36944707059867],[76.48098105172245,36.21973445837407],[76.6559238166832,36.19218402856065],[76.81368764009005,36.040628616162444],[76.73213646697845,35.95463593929682],[76.80748016163768,35.849745405502595],[77.00100396894234,35.775559944736706],[77.11565989882097,35.79810497057057],[77.25834487236001,35.704320024905485],[77.36586678978807,35.715187030095],[77.48276397066616,35.52962056627771],[77.33204430064805,35.53034591530693],[77.38523908982089,35.47386016945193],[77.68515862824417,35.46682377861038],[77.7358658724273,35.521098107821835],[77.9852519122371,35.44830280721695],[77.93926584871126,35.50690888582634],[77.95780846892322,35.604867374698244],[78.13676576245481,35.53656824060235],[78.21204887037081,35.665999419681405],[78.265611517097,35.64741917380534],[78.2769503034779,35.71837398285031],[78.40386367116143,35.73584917342915],[78.4426715876733,35.78364261409341],[78.5341640289053,35.76251262484537],[78.67331107054905,35.854203380202435],[78.96920490350182,35.8901688419601],[79.16467253403255,35.83818604321596],[79.23089884358916,35.97216402972927],[79.35803111582301,35.99173263028197],[79.41035345891368,35.985977193465516],[79.44019981620161,35.894083201700475],[79.75109059120545,35.79691883418806],[79.89895948240701,35.775108485404296],[80.01569235259608,35.82616342283463],[80.12889651539709,35.65673267295565],[80.31171197017525,35.58795597148266],[80.34508360923002,35.46117202743413],[80.18503256805629,35.13062812518028],[80.1868950926697,35.007998441804205],[80.06531123589413,34.69285759558064],[79.87825965490936,34.67485885518256],[79.77660426456164,34.610383631224536],[79.76977587723356,34.53777765819727],[79.82104480573878,34.51445533094762],[79.79143873251019,34.46675345444053],[79.52215475931344,34.463621701719134],[79.59213872959356,34.23581996923453],[79.49368608826943,34.18468059918791],[79.49595424571409,34.12444884899618],[79.42111312564367,34.07593964934281],[79.43744997402922,34.01264751123904],[79.17292877372378,34.0582913646755],[79.11265091263886,34.0089444255644],[79.00114894994377,34.03360807831133],[78.91831710770657,33.96392164970128],[79.01318593530453,33.78293548103847],[79.06045451045931,33.7758345822088],[79.01610615069067,33.70226377993012],[79.07799578039551,33.68608177333015],[79.10015062232065,33.61632388430291],[78.90286044531126,33.62201105778879],[78.97842197761415,33.3364095107929],[79.44611257718915,33.25773455460453],[79.38032263898471,33.02766970257649],[79.32490312918235,33.01224139835209],[79.6118608510409,32.73503592080923],[79.4292901364396,32.523530687104916],[79.30525554380907,32.58582315547223],[79.12504497843042,32.46502252041323],[79.09367984189387,32.37713424721666],[78.97118502796484,32.33569345514959],[78.80670179829737,32.444248000149294],[78.75069656520316,32.69276289691559],[78.60525922202613,32.591090109629974],[78.45128284065905,32.577598417289515],[78.31797022388785,32.44448339653501],[78.28469223654534,32.468865630122814],[78.31335823782977,32.56555613058802],[78.40966089621678,32.62313290102937],[78.3880026762621,32.756691193904004],[78.24590092044002,32.671602753667614],[78.14238229608542,32.68182728340401],[78.0167786542561,32.61940550304821],[77.71314951852723,32.982463027550864],[77.4692003031638,32.85867728821706],[77.40610671157795,32.88351044494049],[77.34955644041358,32.81550577430002],[77.18797245396043,32.92874421558202],[77.15573531818065,32.911583686288665],[77.15051680457812,32.9781744263243],[76.97134881711523,33.000282198650204],[76.81800033747588,33.157089112267904],[76.84317028601805,33.24673539789131],[76.737050971773,33.26109547545036],[76.62638396298705,33.436878399085394],[76.58184679564664,33.425785704984655],[76.35722877446145,33.60445350145394],[76.245743707076,33.54553820646673],[76.20549472298062,33.5677144092627],[76.28452190986523,33.66123109968882],[76.26547116441839,33.7463785779251],[76.16137861727073,33.801849934648175],[76.12296414981913,33.88904939744789],[76.03256825645533,33.91965888815295],[76.0243576249418,33.982124641326266],[75.8382388423098,33.95495534080426],[75.84306148691532,34.00477666542958],[75.6679480384938,34.14428923140325],[75.6852872994441,34.199557795541146],[75.59336343655102,34.197693952670036],[75.40349780199695,34.284687623780044],[75.3275391254221,34.43976826628184],[75.36556775750678,34.53809945900762],[75.20602530118977,34.643784454765935],[75.2562509113903,34.773886421557464],[75.10130181131281,34.91909805944856],[75.06403472693677,34.84711080499725],[74.91859938801862,34.785110483546596],[74.57701127862421,34.913918907306574],[74.58509353343175,35.01812140202359],[74.49944151344293,35.11558609059105],[74.43873924688806,35.13006738096502],[74.38197638914193,35.0678195769483],[74.26517313306557,35.04085702267144],[74.00282810078849,35.18364765288214],[73.95684475338572,35.16804481295622],[73.80832789686245,35.23949623352931],[73.72939352985799,35.20969834465895],[73.69390417628848,35.35939407120051],[73.79203862163617,35.45421949169662],[73.77850498317429,35.52289408478963],[73.62838844521889,35.56904505811802],[73.39812359258553,35.557082626509995],[73.13291520746044,35.710777135246225],[73.14866411338004,35.83118318743126],[73.08388285057161,35.877462465672664],[72.9184423221309,35.839057133706554],[72.8191577153859,35.88172013381992],[72.68438383650738,35.82252497770408],[72.51847366161411,35.905482485510866],[72.58459513594784,36.02507946057799],[72.51668051383238,36.067334671716324],[72.54731441092095,36.20540631219245],[72.61168269286989,36.26948667611719],[72.6848339803027,36.243882412712495],[72.8536663306743,36.366348612092516],[72.85966946613294,36.435560311967215],[72.97935901517047,36.457319812703716],[72.9779132427641,36.51152482955865],[73.09716686033678,36.60599410922428],[73.06764568570739,36.70062238018755],[73.42144224260954,36.74298310693035],[73.59271369120691,36.692843650052914],[73.87177615158068,36.701400351425384],[73.8679889186114,36.766316764619845],[73.70550962663962,36.83781138258879],[73.67109333277614,36.91169815714808],[73.9149022910432,36.88298244577672],[74.04652147502058,36.81082158360874],[74.13345907515262,36.84790327498822],[74.15575028397316,36.910507504276886],[74.2489708480055,36.89360548860776],[74.4264243457114,36.9956927159987],[74.56410136256626,36.957897075539286],[74.56812175730649,37.05175983466286],[74.69012297926052,37.088140418087065]],[[76.5378415154115,33.93288092381752],[76.53724542197743,33.93406149294544],[76.53744610076058,33.933471117416325],[76.5378415154115,33.93288092381752]]]}},{"type":"Feature","properties":{"name":"Chhattisgarh"},"geometry":{"type":"Polygon","coordinates":[[[83.34602583744716,24.097442621572885],[83.51594370198909,24.02696053850044],[83.57118997456631,23.862135438950528],[83.70534695095444,23.82075731044589],[83.77248165969364,23.61089830002015],[83.93769368866215,23.56899207168497],[83.93190604194798,23.6204134730601],[84.01659318592183,23.634378899336642],[83.96700231910872,23.38758453487627],[84.07482044114364,23.33312169436537],[84.03746891417126,23.13987862945447],[84.13346039396384,23.083089715828912],[84.14924832584227,22.96567390178275],[84.18580170486396,23.02709173344463],[84.21917558430987,22.97913082707115],[84.3753221328094,22.97688907036472],[84.3805137528673,22.876667068037317],[84.23126514763051,22.739961747326056],[84.22412132359213,22.66988741515359],[84.0840161138724,22.638116471905658],[84.00950531516082,22.573048585077412],[83.97466061686708,22.51188606345257],[84.04724706588799,22.469220930927865],[84.01029216458964,22.37158442073715],[83.86426379446291,22.343275441437648],[83.75775074339853,22.24033948614127],[83.62725478276421,22.20378256738854],[83.56181425132928,22.098917583674478],[83.6064241436464,22.06658770122803],[83.53672055629573,22.043484656887372],[83.53901067132036,21.965988203140682],[83.60592322006356,21.91411848834036],[83.59088745531692,21.851101386819693],[83.46939415735747,21.787562044593695],[83.48931511120105,21.745392978979996],[83.41869332838746,21.680653915416933],[83.4896119152849,21.631464774646663],[83.45610766512894,21.60999610353299],[83.44264900229652,21.655406848301393],[83.38268474218086,21.62012990496614],[83.33788247797247,21.502100270160053],[83.40688014457834,21.35162589996698],[83.26872827906982,21.37858996104778],[83.27859454915519,21.289316533352824],[83.22295410634064,21.26576916589979],[83.19254886472542,21.1395147084438],[83.07781300975131,21.111949819468002],[82.99032216517483,21.139859529074332],[82.96493432106091,21.193275008105537],[82.88217626369068,21.148430461019526],[82.6406100625211,21.154874106944717],[82.62879169771723,21.03803591035871],[82.48874275785401,20.909402132844473],[82.46448537845043,20.828996058089377],[82.35119259662423,20.889740486765557],[82.37649741675607,20.632410321784228],[82.33223438542832,20.561906581269678],[82.43786215618135,20.434391279592816],[82.39829187935493,20.05817896769272],[82.71544680755507,19.99592680227738],[82.71978968577058,19.856848306989775],[82.59181276423253,19.775862827840093],[82.597127043656,19.872693012813166],[82.4459909307589,19.91019186958452],[82.34395269538484,19.835089110150637],[82.23712345322848,20.003327648301287],[82.18425365622673,19.984189819349364],[82.0704692990971,20.05694803698863],[82.03256132331342,20.015720978058003],[81.9463814404755,20.105133312214512],[81.87597581777494,20.052062209015567],[81.8531555490218,19.91847807547523],[81.96813135581499,19.859895003368745],[81.98594939729409,19.801089411103433],[82.06554745166447,19.79065798198617],[82.02908183707497,19.50774630253418],[82.10025485233284,19.516589340078472],[82.12614150528,19.42908583567432],[82.18944303766557,19.42752951240304],[82.14773546740149,19.371818513125223],[82.19412190954506,19.325935433451164],[82.16609551934846,19.13269920739589],[82.21841508500383,19.097268871739274],[82.24605389682925,18.919111162375966],[82.1761463625715,18.902669579994225],[82.16543536813388,18.798624867044396],[82.09157948814249,18.76573078351707],[82.08497449672174,18.718593266522983],[81.97098461426542,18.698637112491657],[81.94894341062016,18.643710023045536],[81.893769396242,18.657459232782244],[81.96364103607834,18.590443202040646],[81.76887424822142,18.417090849581747],[81.75005749480314,18.352750109691044],[81.6591404071102,18.346560979474518],[81.52523925913242,18.25770827013075],[81.48294992551384,17.97681525070768],[81.44463193295702,17.885753780490248],[81.3992679435717,17.8919168983193],[81.39257175257454,17.794163382081596],[81.1661344592196,17.857600544064212],[81.03898117645902,17.78415199054149],[80.94925719671657,18.082861759218442],[80.97902751846426,18.175411410920916],[80.86666952951717,18.136923548082656],[80.8367245580331,18.23891993280654],[80.79911330907024,18.168169907659728],[80.7449653891337,18.170327506208913],[80.73720228559925,18.222093065032624],[80.79415181256702,18.25962886747105],[80.73487355379768,18.41284065588539],[80.51466072365731,18.619332636750812],[80.34630355693973,18.595281930349124],[80.24442751263518,18.757900749134585],[80.3527414282844,18.81898468679183],[80.2729773668462,18.991435647184666],[80.39358999147116,19.245009752502032],[80.57307370625996,19.40246015021519],[80.61254343679703,19.30951814397459],[80.67989683328598,19.330332166506313],[80.68969919188577,19.28697530812628],[80.75573133499203,19.289273018790837],[80.85285262839571,19.363900062293983],[80.79584981223852,19.432264937698463],[80.89768429339476,19.480448832918317],[80.83559323555552,19.56635694450698],[80.66533207963057,19.611879278093237],[80.67221624396907,19.700716046984635],[80.55260699052405,19.76556061568274],[80.5463021495047,19.818265835177193],[80.4805812698969,19.82750589128499],[80.48902895603882,19.770410492582787],[80.40169820554927,19.79620082777128],[80.50582449585995,19.87064985884818],[80.41125274763648,19.938493963067817],[80.52989442167599,19.93946742414837],[80.55681164510108,20.07187681338643],[80.50559449090181,20.14443927951393],[80.40181764130668,20.147244410125452],[80.39525945573213,20.245009095333394],[80.6263520900347,20.332626504978318],[80.59148149466391,20.393070843281674],[80.63186153424874,20.598402502652277],[80.5209281679875,20.58047819018251],[80.49414944829157,20.61250424783106],[80.58765152175128,20.68469982332504],[80.54605782762232,20.935013155573746],[80.463695858693,20.92919863472714],[80.42426267187996,21.008502766869253],[80.44473179875456,21.122028389220947],[80.46426125981287,21.175027714772984],[80.61378244520878,21.22656631366137],[80.6795678227809,21.29883702746001],[80.66004514746184,21.33408414953139],[80.7377535452488,21.47312426453907],[80.72614263691497,21.71366572058792],[80.75599151990882,21.76206503951814],[80.81973914269238,21.748023244660203],[80.85330932905013,21.872571237131073],[80.82549435989934,21.95842067370442],[80.90793412818074,22.109573022535077],[81.00620482051794,22.063207421999408],[80.9781432994848,22.120105209978497],[81.02191293515936,22.132729075489966],[81.01946266528498,22.221184575052632],[81.1187181278971,22.291260507206136],[81.11116411061623,22.43757450079431],[81.17269227922586,22.4879085349723],[81.23219090393363,22.452155059788364],[81.28126925571276,22.50295422064162],[81.31372799585863,22.482921231277295],[81.32652666609332,22.52614416858494],[81.38205525820891,22.509818380706196],[81.40670439835009,22.440951034569125],[81.5222305083649,22.539012514621994],[81.62194246690862,22.538015502756227],[81.68331535874519,22.64690663553192],[81.77237064209325,22.668206078799106],[81.77568303866245,22.874436783479887],[81.94630757435931,22.95677869625699],[81.94225111130459,23.078965003826177],[82.16135974441468,23.143114794642788],[82.1452744470925,23.226715327261854],[82.1939618333787,23.323843609040633],[82.10341251257505,23.398235710918062],[82.05600384883577,23.376784276996982],[81.98533424366715,23.414495007425405],[81.92328613415344,23.53265941348953],[81.83642507261854,23.510907779231587],[81.7466370984825,23.569797060494558],[81.63727591870983,23.490364474803222],[81.6123190175633,23.510212228802384],[81.5766845080142,23.585344494326673],[81.69590928162869,23.72132012927904],[81.60901757802134,23.90320482521253],[81.6685822538973,23.9249623020136],[81.79111846770982,23.809346812406872],[81.92893100806525,23.870720454364328],[82.0535809620653,23.818375170577546],[82.21178314829776,23.852004938164036],[82.2318131362648,23.805314232396693],[82.52446206446396,23.783741283777854],[82.53307432512004,23.822146917020362],[82.66046579048113,23.855143534198483],[82.66159008498207,23.907641834213067],[82.80100477863712,23.960962542696247],[82.9478793460847,23.871422311963777],[83.14148293253254,23.884919678033302],[83.34602583744716,24.097442621572885]]]}},{"type":"Feature","properties":{"name":"Karnataka"},"geometry":{"type":"Polygon","coordinates":[[[77.33377612701891,18.45092714736955],[77.4140943835433,18.393107679981796],[77.36578975876871,18.30712490552914],[77.4376648351767,18.310313965014817],[77.46503755543317,18.26253617226437],[77.51263144731482,18.309598637924736],[77.60541730740331,18.28134916535784],[77.56346061371134,18.196129144858006],[77.59880377883162,18.093331471790904],[77.54763574330507,18.056131274647008],[77.65585526731545,17.968839416619097],[77.50655745928482,17.78595283421517],[77.56853431284317,17.748906515739424],[77.45243023108547,17.694703546731656],[77.44311907245238,17.58396335490256],[77.5068988351715,17.542279134203792],[77.59379993896903,17.56451330497142],[77.69244760275251,17.497430378679923],[77.51299849941782,17.430870496803642],[77.5298019799306,17.370711516390518],[77.45360631992261,17.373990096799055],[77.45853529915509,17.278997464270887],[77.38018772627498,17.222530665492],[77.36372438656191,17.15878190421783],[77.46362286865647,17.10999695559334],[77.50253169057943,17.01410470894409],[77.45401596267433,16.913897847701463],[77.47650142561783,16.788368253496138],[77.43949890220897,16.7891318102567],[77.42606795984192,16.722873945530775],[77.46980175857266,16.687030240777847],[77.41886052164016,16.66857249990404],[77.47611074997974,16.650107303377798],[77.46739667626663,16.598837089694474],[77.39287460961566,16.56997461244616],[77.41911686689409,16.522378537205444],[77.36901286931108,16.48867157928961],[77.2357611033931,16.47274414705208],[77.34909714407628,16.383845636955268],[77.59392269713587,16.34389380062354],[77.59780973279872,16.29311275772363],[77.49006612710248,16.255180690810946],[77.5134382363144,15.926792673577168],[77.18528829073567,15.956742668601986],[77.03261672328554,15.856915364877922],[77.0654709719493,15.827349231208977],[77.04909809316457,15.730258390634754],[77.12888376594661,15.66586491820752],[77.12142325950418,15.63108509099081],[77.03043246022973,15.634492890462298],[77.03003991820061,15.502648104715844],[76.9740178466392,15.498234341714063],[77.06372741679235,15.328018504671608],[77.11310107462518,15.333678437248821],[77.16693112177363,15.268584415469242],[77.12512048815394,15.226939560315484],[77.16913370312622,15.171348858829559],[77.08245141469891,15.006080796206211],[76.77669388819047,15.078400873797852],[76.76653884952012,14.975617065959028],[76.86745891061707,14.969822578641837],[76.86962158396771,14.937710298129776],[76.85397743026138,14.809444492820342],[76.7826869776205,14.785938286313367],[76.76499506102034,14.602123919866484],[76.86796169788936,14.474038639542337],[76.97481439850056,14.485330630565976],[76.9427148456797,14.399336533147673],[76.8848179703358,14.395708991911626],[76.8846415981416,14.347542268028166],[76.95672455152136,14.294346730156446],[76.94005596425734,14.244607638783938],[77.10775815300596,14.219909099906506],[77.1573429385196,14.342098721722254],[77.2865668013023,14.340099260574409],[77.28353703179388,14.282736808347797],[77.36382071794259,14.275827504131874],[77.39198856965217,14.198902222903154],[77.3928036473395,14.335832635368162],[77.50386279183473,14.263748358281084],[77.50350603892795,14.157118134969672],[77.39371926081385,14.174245425914425],[77.35136921300403,14.129979756269574],[77.4009205046892,14.118712833785787],[77.33230272219494,14.030688483321443],[77.43788144577935,13.975521905889309],[77.40001949306794,13.888288807469717],[77.34783888862309,13.915963944938946],[77.37128662727036,13.952751675094042],[77.32223059963924,14.029994850952376],[77.14922279691828,14.001163220477732],[77.12740203090016,14.047014625031178],[77.02768371501044,14.06174672576217],[77.02332929212109,14.176687932702372],[76.89453446909671,14.167811611628474],[76.97757023739068,14.071289028252714],[76.93113473664468,14.030201132749502],[77.04165716284896,13.933433447371655],[76.97802134685186,13.826866874664647],[76.99850340244471,13.74557383110763],[77.02447259484592,13.779223852292672],[77.06470053275058,13.74383254815371],[77.17305224726283,13.762010054782222],[77.1281990972534,13.856458672830646],[77.184709732496,13.925186166023268],[77.20043086489589,13.8630374368937],[77.2356219616147,13.90413662443031],[77.25669465058871,13.84652263289587],[77.43252004433373,13.843216772578147],[77.45533415647301,13.68226186111099],[77.48503995608422,13.714782797785242],[77.52523643652758,13.691003261485239],[77.52726539872975,13.753810681499838],[77.62771685612,13.7346004942461],[77.62107233891057,13.76843880835795],[77.68007833162446,13.78677795978943],[77.71736281566493,13.741074526716748],[77.71930874547864,13.800275155093752],[77.83707251681027,13.869741262888597],[77.82658838517413,13.944724895172097],[77.92676706905148,13.905327066741949],[77.98262185891029,13.957687888615757],[77.95298249657343,13.8273540037965],[78.04886531604353,13.896092574554627],[78.12363452890065,13.845354055501325],[78.08710877566794,13.643066540581094],[78.16757829217842,13.65582532909925],[78.20419671652273,13.62842182975906],[78.192972075778,13.564846833349081],[78.23634016281295,13.598582060203153],[78.40200146735128,13.587971266922677],[78.36581129780944,13.358653772836234],[78.5321787609463,13.266938152686139],[78.56953702742035,13.309225120976771],[78.54975872031723,13.18969426819275],[78.57976521533855,13.167361904006828],[78.51704506641865,13.131590671524961],[78.53850600589182,13.105730500129013],[78.46219591879833,13.043214412907533],[78.46746130745665,12.97502280387011],[78.41116311341906,12.945268330050318],[78.46669674371964,12.90540997404109],[78.46477116908581,12.866763981522015],[78.35587506565727,12.94074104073026],[78.31244647829043,12.858518506800268],[78.2521980387217,12.860551323852796],[78.23095287339845,12.76065891556073],[78.05333349945859,12.853853944176743],[78.00975282598415,12.805739441392461],[77.95233606708615,12.85711713410171],[77.92055658449921,12.828157519759708],[77.92932464948024,12.89091590451942],[77.83601351649406,12.870330002907387],[77.73992829458831,12.672989960605547],[77.5988732078433,12.667157968891024],[77.61680744787438,12.368199852484148],[77.47905958938382,12.271273831967564],[77.4719149894031,12.208418306444257],[77.7333434010384,12.178080009303534],[77.77639212304248,12.11228130336529],[77.67569015991627,11.951979202788047],[77.49480079223538,11.943847363332058],[77.42724120460025,11.760870729320631],[77.24987613219407,11.813013036039813],[77.11074666443746,11.773472812025693],[77.11770653688656,11.721072444087197],[76.98299074339735,11.81184927811689],[76.96992280645563,11.776860094421956],[76.90037709147217,11.78391774589709],[76.83500521244353,11.655416748156657],[76.85358298123889,11.596971323053095],[76.61398500447291,11.607553641321191],[76.51167544816913,11.704978949137113],[76.41672633974214,11.671742989771024],[76.41423253993601,11.758848449156966],[76.33973816439917,11.739004691421643],[76.1903863883676,11.87121378830155],[76.11994419218549,11.850468248553312],[76.11230350593308,11.978655455144024],[76.00319868958397,11.931392018633723],[75.85885959623101,11.959418574932533],[75.8025510210198,12.078563157864455],[75.66198181375411,12.099183277573287],[75.4794031177591,12.29541372052273],[75.41392430391669,12.290669780746903],[75.42192863368471,12.372663961776363],[75.36563054678527,12.456745574175802],[75.41331574450727,12.45856736517538],[75.41736030894945,12.498438865002369],[75.33660442866001,12.464082652833742],[75.27395808208436,12.535598479504662],[75.32701355205121,12.592394132056107],[75.27634962780752,12.618507777177548],[75.22031850052542,12.569102871759858],[75.20174205980176,12.630022872899104],[75.13850713019835,12.643436706750228],[75.152002760866,12.683240892100216],[75.08600931034228,12.704034880128685],[75.04664217253952,12.667565992410136],[75.05245793540702,12.720081416723916],[74.98326745188274,12.73719660939773],[75.00316273076476,12.79166762333157],[74.8641892377205,12.761376947856254],[74.6935858102907,13.343707642609617],[74.60993009384579,13.865551894878331],[74.51398226447436,13.986858743776821],[74.26279829651237,14.71980864302588],[74.09277346073239,14.804002184376497],[74.12510512102035,14.837887366990891],[74.08578235630225,14.900904609918443],[74.16211871296522,14.912140246148107],[74.16360852401635,14.958481151790696],[74.2015449785916,14.925723915566442],[74.25259605755814,14.959094064136414],[74.29649516858271,15.041207958739916],[74.27264528924232,15.097497798166552],[74.31696129981678,15.18626102827297],[74.25111440693145,15.258850175615676],[74.33643732468192,15.294943116236881],[74.25091025828232,15.49159331015018],[74.28265272560792,15.531417895986028],[74.25044267618375,15.657258125653795],[74.08806269466766,15.67225578632753],[74.22102970346617,15.785997807882945],[74.24025532284944,15.74332094488839],[74.35842896012319,15.7748340233389],[74.38308553992228,15.849105143220534],[74.33820918975893,15.854918948200488],[74.36861503063325,15.894359825540134],[74.40617085482089,15.855376672451204],[74.38686549076058,15.90498147269803],[74.46322312833318,16.03919193820137],[74.36132836429628,16.05383609398339],[74.42761945764576,16.11196524931265],[74.4912312908563,16.104305307730016],[74.4804796836191,16.250125851287283],[74.32493393413998,16.271756453096593],[74.31719280931831,16.381003933264612],[74.35341008079061,16.366418932454124],[74.36369448255869,16.405091509520982],[74.29089518172789,16.504902260177914],[74.24737295113226,16.496913385427078],[74.27054433144397,16.54796407748562],[74.30614282428577,16.503693083424142],[74.31571358045225,16.554454860898886],[74.37983273135497,16.528592449451025],[74.39662609730566,16.583267700998597],[74.46671162848676,16.60682254517581],[74.46874269902601,16.66380316046227],[74.54448916147547,16.635468857319275],[74.56853690418224,16.55386889824198],[74.68698198071066,16.606788193819156],[74.65347831397258,16.638829633594558],[74.69101964900626,16.715541730577883],[74.92014376220138,16.772499381845204],[74.90151581619317,16.862550392646177],[74.9603609190045,16.880947410086108],[74.96357870559027,16.909711502734595],[74.93170730993413,16.944755383322256],[75.08933384755372,16.951582335143527],[75.2142023828292,16.841699395072332],[75.28203006709835,16.88029065463626],[75.27960279792329,16.956556534266387],[75.46555236813629,16.98836518555276],[75.48907779455278,16.944422899777898],[75.56765221897113,16.965746049686942],[75.57309729475826,17.009606635645333],[75.67032108803608,16.962052146353816],[75.64099858109373,17.03758162229876],[75.672288779857,17.11599601146933],[75.62537668408773,17.174000489692165],[75.65771618116915,17.263207897629744],[75.57414273778194,17.383299314967477],[75.61351643750888,17.39191530239731],[75.63297980900983,17.477214586221503],[75.79294065712692,17.369697570690956],[75.82144078343029,17.421222797363377],[75.86087825769387,17.385595140477392],[75.88418856438679,17.41795974651796],[75.9308195381501,17.322572918966195],[76.07913014263339,17.33160259621573],[76.1189534603537,17.370504457375603],[76.1763151043219,17.300787627601785],[76.17031486213854,17.352624378190573],[76.24279302855264,17.378824686329327],[76.38316003087238,17.3145258869484],[76.40912064779712,17.37138792351856],[76.33326257950843,17.433901184102577],[76.37551623358638,17.49022004415972],[76.34576468414762,17.492530003545788],[76.33128664380568,17.597418730700806],[76.48974882691918,17.660499369557208],[76.5232758069012,17.759797451019566],[76.57270784252844,17.760539700316116],[76.58220005017941,17.705270459375125],[76.61533121750614,17.770396636244975],[76.69084000225149,17.681004959406803],[76.71409145576615,17.78094018074316],[76.7903937676694,17.826334265182584],[76.73997203568966,17.899701312062195],[76.8066694969485,17.870575394541987],[76.91898126260814,17.91595392962393],[76.95193455591333,18.188099483884244],[77.11154317749114,18.155833626485173],[77.09759881309517,18.196723715527988],[77.2130134059962,18.280320446969228],[77.2417680356988,18.412607270609257],[77.33377612701891,18.45092714736955]]]}},{"type":"Feature","properties":{"name":"Uttarakhand"},"geometry":{"type":"Polygon","coordinates":[[[79.25115437803115,31.249909361355527],[79.42476037592333,31.030491867756076],[79.5190348754562,31.026705867788387],[79.60345524940469,30.93265441671648],[79.75300753510133,31.007864909712605],[79.86271454984129,30.975356964806636],[79.92909648389875,30.88243324300704],[80.11090848345458,30.77929499593497],[80.17777080500058,30.80405446001135],[80.2396635159418,30.762058743520324],[80.19715833570324,30.66209212630927],[80.25776006651611,30.558835831167407],[80.53907843427552,30.449196773414727],[80.59800883342066,30.478766155848064],[81.04660552223453,30.210873441008424],[80.95000732747008,30.178258885126265],[80.90273265447047,30.215380643668734],[80.87477165130707,30.12648553762525],[80.74455544443546,30.003852798329103],[80.60184824332528,29.95812676826479],[80.49385649780555,29.795804832486176],[80.43502785509573,29.805973422353148],[80.3664159851619,29.74918775343413],[80.40793902702433,29.595971762574774],[80.30178427201477,29.45277601724387],[80.24224020436965,29.44287571429717],[80.31851020674682,29.303501678419238],[80.29373270222217,29.197759797335927],[80.24058882326706,29.20290609532901],[80.272702358747,29.14241837723652],[80.14479018505364,29.102198461543143],[80.13541855098931,29.00739598008266],[80.058469250028,28.91662601004248],[80.06173597786763,28.78319494134999],[79.95424890389135,28.72283094721117],[79.93981968017715,28.7877167395131],[79.87305770660416,28.797282986952542],[79.91552188506463,28.80427383380336],[79.88822178893233,28.836557778888796],[79.80803286999819,28.800908027049363],[79.82929499363122,28.884453950561262],[79.70666930573618,28.841009113468548],[79.58436163291384,28.84627264748421],[79.55647898655245,28.899259853489024],[79.44045796694269,28.861738748587562],[79.37235912441209,28.987471456319902],[79.30726595231945,28.966467525726653],[79.1710559267167,29.01186927034267],[79.12686666302223,29.13268477742597],[79.03583967017337,29.16939198186268],[79.0266987707813,29.112416977642283],[78.90633441072707,29.125013927309013],[78.8744801261392,29.230248390220375],[78.80737038297505,29.23667873039013],[78.71858797353269,29.306640553597365],[78.7665514408851,29.337401030437963],[78.79591070808279,29.311765113720604],[78.94233228906792,29.438570790782585],[78.61773226561594,29.55802662493297],[78.50096430456053,29.73290471271652],[78.33565857727733,29.796605532964833],[77.96749707527611,29.58006500435385],[77.93330237255492,29.600514751458224],[77.98378705265024,29.643636973513853],[77.9530184299525,29.70734703736085],[77.79905364359686,29.686191316467454],[77.71429791441238,29.86945440632174],[77.80119500776367,30.095477251814867],[77.96169731028162,30.24236921140107],[77.5723157240845,30.41045059038656],[77.81852477790594,30.508069043827366],[77.81785390879281,30.56102415096001],[77.74287263465757,30.59384935947182],[77.79625785097367,30.61364687647058],[77.79208864850652,30.66016567122509],[77.70377826642654,30.765160704586375],[77.75822455221578,30.876797675884593],[77.80568285826114,30.853213538913703],[77.81329924407218,30.921868242863578],[77.74900682006083,30.953479904003782],[77.83759355999885,30.953171254104536],[77.81135737570445,31.059100461147146],[77.89873620777314,31.150230777499083],[78.03034200788677,31.15096758617672],[78.37031586158652,31.2863342778975],[78.48375245384682,31.198937079368307],[78.6093429529666,31.229259980945894],[78.65800638527445,31.18503932295137],[78.80991374682957,31.198284492310478],[78.88543475752236,31.098722380354257],[79.0089170203677,31.109923920867757],[78.91170308893737,31.252999768043573],[79.0642446062019,31.46207935774887],[79.24647536335878,31.33003934975091],[79.25115437803115,31.249909361355527]],[[79.9305158326387,30.88151001292002],[79.93051557082589,30.881510541528147],[79.93051552650729,30.881510281258794],[79.9305158326387,30.88151001292002]]]}},{"type":"Feature","properties":{"name":"Jammu and Kashmir"},"geometry":{"type":"Polygon","coordinates":[[[74.43873924688806,35.13006738096502],[74.58509353343175,35.01812140202359],[74.57701127862421,34.913918907306574],[74.91859938801862,34.785110483546596],[75.06403472693677,34.84711080499725],[75.10130181131281,34.91909805944856],[75.2562509113903,34.773886421557464],[75.20602530118977,34.643784454765935],[75.36556775750678,34.53809945900762],[75.3275391254221,34.43976826628184],[75.40349780199695,34.284687623780044],[75.59336343655102,34.197693952670036],[75.6852872994441,34.199557795541146],[75.6679480384938,34.14428923140325],[75.84306148691532,34.00477666542958],[75.8382388423098,33.95495534080426],[76.0243576249418,33.982124641326266],[76.03256825645533,33.91965888815295],[76.12296414981913,33.88904939744789],[76.16137861727073,33.801849934648175],[76.26547116441839,33.7463785779251],[76.28465062792726,33.66184419349755],[76.22937185600559,33.62982506792238],[76.22502980753306,33.547594380840415],[76.30978033719336,33.571462091029815],[76.306513952365,33.6095571068369],[76.41520308320206,33.5390821996419],[76.44879420093393,33.563684699451606],[76.58184679564664,33.425785704984655],[76.62896479205253,33.43489485202254],[76.7794134455008,33.23811494226602],[76.74682017597159,33.17841433230253],[76.64443558293893,33.16186901615883],[76.56164720253354,33.209538759812006],[76.40389682911568,33.185787186531236],[76.28594600086923,33.10238757052238],[76.2729136806846,33.03705183223057],[76.10720386559859,33.006055662488855],[75.9501091986786,32.872832624448144],[75.83708961937619,32.927772170751666],[75.79625285583286,32.88425573772721],[75.92174754236251,32.747173253073],[75.88583351054628,32.652175897627124],[75.9307072033384,32.63138823782225],[75.72275980857299,32.40559870266448],[75.55032596705159,32.348749865107514],[75.52618356139959,32.276005123216635],[75.48910502045428,32.345562629067146],[75.32777148923424,32.32611654220881],[75.02802280694047,32.49708565505899],[74.95266155655047,32.44749560562495],[74.87728137598441,32.49296885682955],[74.68791727543625,32.48687423038637],[74.63904575837977,32.614642080582165],[74.6952687477815,32.66131299546156],[74.65349783060198,32.69668510232245],[74.70477376573454,32.841947708375194],[74.64052175909471,32.818944331563536],[74.63425841226237,32.74954045321195],[74.35504820652197,32.76699829222939],[74.3033978044113,32.829840355841455],[73.99968106918759,32.93539990255268],[73.96464475058187,32.987123538497165],[73.82566298801196,33.00401128469812],[73.79043090964923,32.96680909525632],[73.74283095436986,33.066153605096176],[73.63303625371745,33.09181223713455],[73.66800899426744,33.2018571428147],[73.56515459824796,33.36625116084088],[73.64177276302229,33.528506696529774],[73.56715505745282,33.617735654536936],[73.592840852497,33.89379760292965],[73.51645368322434,33.99882615338346],[73.48083602252197,34.28942054589884],[73.39609689909436,34.37160752780957],[73.44825176148784,34.567092431049666],[73.65026366760569,34.561964082802504],[73.72994222853323,34.77222182233236],[74.0299157438813,34.87628095929707],[74.05932487812743,34.99267536244724],[74.1097469994213,35.016074509389355],[74.0667375331544,35.04626920016021],[74.1014304333735,35.09914133844626],[74.21514298142802,35.093715197437724],[74.26517313306557,35.04085702267144],[74.38197638914193,35.0678195769483],[74.43873924688806,35.13006738096502]],[[73.90118158690967,34.08536586584758],[73.90157552918828,34.08579217488497],[73.9015213098398,34.08576057782256],[73.90118158690967,34.08536586584758]]]}},{"type":"Feature","properties":{"name":"Delhi"},"geometry":{"type":"Polygon","coordinates":[[[77.09917402949507,28.87067885390097],[77.21423595295758,28.855817526523644],[77.20262552020249,28.792461896020473],[77.3310779468581,28.71310157695452],[77.3424162470342,28.608884803631053],[77.2970945038351,28.565969453519145],[77.34740815348808,28.5183855439788],[77.2432971544289,28.478819866705564],[77.21660556059126,28.409727736902475],[77.12859312121725,28.44093272591113],[77.09313207984755,28.514101182792714],[77.00665313313567,28.54140707960549],[76.88544731873243,28.50113607982561],[76.84240942697684,28.556303884862295],[76.88784773509174,28.631664622765374],[76.94299481191406,28.627997363858974],[76.94835460968768,28.81536866163908],[77.09917402949507,28.87067885390097]]]}},{"type":"Feature","properties":{"name":"Puducherry"},"geometry":{"type":"MultiPolygon","coordinates":[[[[79.75924910635095,11.001434715363633],[79.85153316775143,10.993930650488277],[79.85073614644527,10.827828751028585],[79.80793771770543,10.855616663099731],[79.82858332583328,10.883782163683714],[79.7562904802594,10.891756509065418],[79.724698379777,10.929721048360499],[79.75924910635095,11.001434715363633]],[[79.76615761297673,10.900612231573875],[79.76935027008481,10.8999669819266],[79.77043358479393,10.90139130360494],[79.76615761297673,10.900612231573875]],[[79.76246901655192,10.906229499073008],[79.76788599762048,10.901770064344982],[79.76405823861482,10.912219519431545],[79.76246901655192,10.906229499073008]]],[[[79.75548093587399,12.00435943823163],[79.72350474515994,11.977049738698815],[79.75027407630147,11.919905966202947],[79.81260489421115,11.977892120048974],[79.84063594511521,11.95578600597243],[79.80782146213303,11.836580822427482],[79.67400421854455,11.880695924351953],[79.69620258375112,11.91916575968046],[79.74069669638122,11.905438508217827],[79.69166094826268,11.951317206290563],[79.75548093587399,12.00435943823163]],[[79.79650128956273,11.899886717700197],[79.7728421846479,11.875221028105107],[79.78520585365703,11.862829142367135],[79.79650128956273,11.899886717700197]]]]}},{"type":"Feature","properties":{"name":"Maharashtra"},"geometry":{"type":"Polygon","coordinates":[[[74.44327408446176,22.02202409235886],[74.43938976919335,21.976723983557164],[74.52421053576205,21.910582033152366],[74.5055883307086,21.726306182521782],[74.58208175509981,21.66498908963028],[74.78287404721601,21.610690364066958],[74.90168344159548,21.629238056134866],[75.053315568387,21.564824536664766],[75.12583021823475,21.449261278588693],[75.29874035571372,21.38556732150189],[76.0965994102916,21.371769540014444],[76.1763960848517,21.18399527197482],[76.11348044057212,21.155394014806404],[76.16740086195982,21.079484458282824],[76.28013172471371,21.07068858830315],[76.45556008001465,21.108070379867023],[76.49337319454298,21.193944417716192],[76.6234887690828,21.185038918833953],[76.66289915584544,21.2759649706312],[76.62174738681473,21.332291417820436],[76.78402002806838,21.462373585501897],[76.7952622104822,21.593910841748166],[76.90161709045857,21.59684398899348],[77.07321874910461,21.719454083916645],[77.17603381482323,21.725754763664874],[77.21042444671014,21.68964519288446],[77.28854897949174,21.760152387650955],[77.47909416410214,21.76998691224713],[77.54322572692067,21.704277538914422],[77.61148169574564,21.53882068118265],[77.42555748096947,21.537740421117917],[77.48805758322085,21.374358768549605],[77.5317192728718,21.419146108988805],[77.5638732526846,21.36914585271916],[77.69199154697473,21.397565055690624],[77.70998860357597,21.35744721102832],[77.80115490900849,21.409595122428605],[77.94118886085057,21.385771680927938],[78.17621421986046,21.499755007092453],[78.18188675678691,21.557343134456687],[78.36306170773358,21.575203865427003],[78.37263736616055,21.613445120728144],[78.42711513786234,21.599337888486062],[78.44965460050835,21.49551828403375],[78.51164497923287,21.52869017043394],[78.7284659019302,21.462293055312053],[78.75084854906528,21.49298397660109],[78.93669239033235,21.485766713787356],[78.9143521330811,21.58898621979631],[79.2240204559888,21.64880384436594],[79.23064422166928,21.72223004412529],[79.49620611268425,21.674225024379098],[79.54061072419609,21.542680183045277],[79.73762860104206,21.603856317487644],[79.89124462850789,21.518186689397815],[80.25344716495091,21.62475454994299],[80.37719490797888,21.522246641428158],[80.41223596916528,21.376717561539696],[80.5276224251386,21.394870518075937],[80.68156366043448,21.31356722194253],[80.61378244520886,21.226566313661383],[80.46426125981279,21.175027714772952],[80.43914723585424,21.096560373305273],[80.46363337278795,20.92924840765124],[80.54613008224068,20.93484612041971],[80.58765152175128,20.684699823325023],[80.4967497121456,20.602396168273337],[80.63186625525549,20.59838896471694],[80.59148149466391,20.393070843281723],[80.62635209003476,20.332626504978318],[80.39525945573227,20.245009095333394],[80.40181764130668,20.147244410125452],[80.50559449090187,20.144439279513943],[80.55681164510108,20.07187681338643],[80.52989442167606,19.939467424148418],[80.41125274763655,19.938493963067852],[80.50582449586004,19.87064985884816],[80.40169820554934,19.796200827771298],[80.48902895603896,19.770410492582787],[80.48058126989697,19.827505891285004],[80.54620371173462,19.81832164768875],[80.5526069905242,19.765560615682773],[80.67221624396922,19.700716046984653],[80.66533207963064,19.611879278093237],[80.89496485110995,19.519624900933007],[80.87536940702527,19.44598487460097],[80.79584981223852,19.43226493769852],[80.85285262839578,19.363900062294036],[80.71075959894392,19.281756517842418],[80.67989683328598,19.330332166506313],[80.6125434367971,19.30951814397464],[80.57592510344833,19.40235708129238],[80.48416918041288,19.339706822362416],[80.27340849452364,18.993179518928926],[80.35141361925814,18.81629233832451],[80.24769667290832,18.764196883387395],[80.25223249142572,18.706806810169596],[80.11812186679342,18.680516928085027],[79.91403057246539,18.823806826996297],[79.96160503228579,18.866626733037812],[79.94037874562436,19.032013214512606],[79.87110278011954,19.041017061991642],[79.85842957604108,19.102416350685502],[79.945668550224,19.16893671585917],[79.92474234622522,19.22729937443114],[79.97961495504138,19.390325621755007],[79.81446383244288,19.575698579226472],[79.74308001583256,19.608626360531794],[79.6279195127127,19.57317093244938],[79.59615398033779,19.507277434303024],[79.53992722596661,19.55466137298751],[79.47142490469666,19.50019183678091],[79.24355709093142,19.616689052368436],[79.19031195462553,19.45898484925409],[79.09803453836462,19.532026881420027],[78.94044362937247,19.551868411559358],[78.95555847129177,19.65579110813633],[78.85192033490515,19.658360927754817],[78.84096348478806,19.761890189223518],[78.55200654627697,19.82408469304058],[78.49023818998151,19.792684559228],[78.30702795421907,19.914297658242187],[78.28607518003939,19.84793724356468],[78.36467469419486,19.78123164785985],[78.34313419040525,19.713250124991788],[78.2626490946294,19.66506434843502],[78.30556695794515,19.607066645201087],[78.27431081159573,19.55397469646899],[78.30434100359317,19.45613716079522],[78.17619006927595,19.412262578682128],[78.17532104630791,19.23757866793995],[78.04161363103862,19.243428259608987],[77.94512195425281,19.342453083851623],[77.86345884220212,19.304196463524008],[77.90756363220422,19.26822849549702],[77.84772108217612,19.189595072190585],[77.85039508563106,19.088557016478582],[77.76481205243985,19.0626554083373],[77.77149721782985,18.97915919068904],[77.85859170357054,18.94911110216383],[77.84325429228905,18.908693501924784],[77.94853612076433,18.829836600645713],[77.83995486305697,18.804821641400842],[77.7872883141695,18.682640108424565],[77.75350382874925,18.700992114367516],[77.73849967118824,18.556788845763013],[77.59636949003172,18.54894151695623],[77.60312612298145,18.47684766282248],[77.54856347482787,18.468581449663017],[77.58529740950165,18.446792444201844],[77.52751609191726,18.442111380300332],[77.55675613338198,18.417143480099288],[77.52234125485458,18.3464672521688],[77.57139621297274,18.308829288674886],[77.46503755543303,18.26253617226437],[77.4376648351767,18.310313965014767],[77.36578975876871,18.307124905529037],[77.4140943835433,18.39310767998168],[77.31988516989932,18.458027353940007],[77.24176803569873,18.412607270609257],[77.2130134059962,18.280320446969228],[77.09759881309517,18.196723715527988],[77.11154317749116,18.155833626485084],[76.95193455591333,18.188099483884244],[76.91898126260814,17.915953929623846],[76.8066694969485,17.870575394541987],[76.73997203568966,17.899701312062195],[76.7903937676694,17.826334265182584],[76.71409145576615,17.78094018074316],[76.69084000225149,17.681004959406803],[76.61533121750607,17.770396636244975],[76.58220005017941,17.705270459375],[76.57270784252844,17.760539700315963],[76.5232758069012,17.759797451019566],[76.48974882691918,17.660499369557208],[76.33128664380568,17.597418730700806],[76.37551623358638,17.49022004415972],[76.33326257950843,17.433901184102577],[76.40912064779712,17.371387923518444],[76.38316003087238,17.3145258869484],[76.24279302855264,17.378824686329327],[76.17031486213854,17.352624378190573],[76.1763151043219,17.300787627601785],[76.1189534603537,17.370504457375507],[76.07913014263339,17.33160259621563],[75.9308195381501,17.322572918966298],[75.88418856438679,17.41795974651791],[75.86087825769381,17.385595140477392],[75.82144078343022,17.421222797363335],[75.79294065712692,17.369697570690892],[75.63297980900983,17.477214586221503],[75.61351643750889,17.391915302397152],[75.57414273778194,17.383299314967477],[75.65771618116915,17.263207897629744],[75.62537668408773,17.174000489692165],[75.672288779857,17.11599601146933],[75.64099858109373,17.037581622298696],[75.67032108803608,16.962052146353816],[75.57309729475826,17.009606635645333],[75.56765221897113,16.965746049686942],[75.4890777945528,16.944422899777845],[75.46555236813622,16.98836518555276],[75.27960279792329,16.956556534266387],[75.28203006709835,16.88029065463626],[75.21420238282911,16.841699395072396],[75.08933384755372,16.951582335143527],[74.93170730993405,16.944755383322256],[74.96357870559028,16.90971150273445],[74.9015158161931,16.862550392646046],[74.92014376220138,16.772499381845204],[74.69101964900626,16.715541730577883],[74.65347831397258,16.638829633594558],[74.6869819807106,16.606788193819156],[74.56853690418224,16.55386889824198],[74.54448916147547,16.635468857319275],[74.46874269902601,16.663803160462336],[74.46671162848669,16.60682254517581],[74.39662609730566,16.583267700998597],[74.3798327313549,16.528592449450915],[74.31571358045217,16.554454860898886],[74.30614282428577,16.503693083424032],[74.26444271261198,16.540444287769738],[74.24737295113218,16.496913385427078],[74.29089518172789,16.504902260177914],[74.36369448255869,16.405091509520872],[74.35341008079061,16.366418932454124],[74.31719280931831,16.381003933264612],[74.3249339341399,16.271756453096593],[74.41439500721486,16.28265128369041],[74.50799539364452,16.202258502385853],[74.48430507179246,16.091468447597734],[74.42761945764576,16.11196524931265],[74.36132836429628,16.05383609398339],[74.46322312833311,16.039191938201323],[74.38686549076058,15.90498147269803],[74.40617085482089,15.855376672451204],[74.36861503063325,15.894359825540134],[74.33820918975893,15.854918948200488],[74.3830855399222,15.8491051432205],[74.35842896012312,15.7748340233389],[74.24230964248254,15.74319979519435],[74.20896739739948,15.781269314866831],[74.08809665604336,15.672473111061878],[74.11388569118989,15.646127641578005],[74.02079737743269,15.606085396428043],[73.86339609474508,15.79879001958612],[73.82095509937814,15.739855374065895],[73.67687922817535,15.725892533815063],[73.58872376988872,15.908031267094563],[73.5101090216695,15.940459985297037],[73.45642805305957,16.052679458694445],[73.31694660210248,16.514184491086713],[73.317420865405,16.60166716981431],[73.35519477781922,16.61895080571473],[73.27857628733412,16.89303688278067],[73.29971813688238,16.981884177967498],[73.25536815591005,17.027712862646077],[73.28905206572075,17.074409854176757],[73.1906387074021,17.2993090360928],[73.25877090737892,17.286030287536626],[73.16729513716521,17.40438317801062],[73.19865149129144,17.439085751840047],[73.137101861323,17.555891126283534],[73.13309604183709,17.72441735830525],[72.9903758192548,18.055766357757737],[72.9809328090155,18.196286139788462],[72.9317786088698,18.220420439378433],[72.93804828302686,18.28372220197833],[72.986481567151,18.28227893439141],[72.91522384015872,18.355137789755975],[72.92115816611171,18.550553010763835],[72.86005577849554,18.633512936407705],[72.86580742024752,18.807621246395062],[72.9451518254296,18.826382575719816],[72.99594337259427,18.773017917338727],[72.9953867814267,18.87151077633417],[72.91834810859332,18.85540770121669],[72.90407321061389,18.904435297676482],[72.95917150064118,18.957162364930234],[72.87824311750438,19.021936542610465],[72.80356041740725,18.898814725879785],[72.83863157615052,19.046523279949447],[72.78607322198363,19.133520891511242],[72.77865516752559,19.278924939468116],[72.82995164762958,19.33462145425908],[72.74469356456324,19.37803642145971],[72.70814385425412,19.70381080901019],[72.64199076737845,19.843982439299303],[72.68027187399845,19.864896316912915],[72.66421621996228,19.933488911847707],[72.72197602120721,19.970623845591902],[72.73767133455799,20.13433585767876],[72.82447006741296,20.14202178274415],[72.8587367891979,20.224742524786937],[72.96198434693709,20.210046513902327],[72.96358415965956,20.126037277731147],[73.01093663046143,20.13460182732289],[73.04020407632406,20.06643322304558],[73.06369307222295,20.09958672302234],[73.17822206452966,20.047018222671937],[73.29802766776196,20.208590650097932],[73.4165150098957,20.19828607627484],[73.3797681537892,20.393503300824467],[73.49362441374613,20.538068528877492],[73.39255989430254,20.645104099994956],[73.44918150797086,20.7171809865953],[73.65268272369963,20.56487253005431],[73.74456154171732,20.564918444004928],[73.8383945534166,20.620463185512794],[73.81185219885623,20.692033495945196],[73.94266137695875,20.74208375389966],[73.90129774885837,20.98230462675928],[73.80872212890853,21.027766844043466],[73.80774119488251,21.0848931392004],[73.6184620685134,21.118455350750587],[73.57742075604955,21.17075314025412],[73.71897408266506,21.139757525239233],[73.8157617027953,21.173960309509557],[73.82287362135457,21.270858366117633],[73.94217188795854,21.29927057350747],[73.93893245562353,21.405019831966452],[74.04462450965046,21.419193954367554],[74.0629317284878,21.474549463980694],[74.2535612791284,21.467741829023844],[74.32078827034285,21.498496958699178],[74.33116044242072,21.55242469990125],[74.00583862794096,21.55275584327468],[73.85355674332601,21.497465929281287],[73.78051508790264,21.62859210772142],[73.88801501153847,21.653246132197438],[73.89181662128233,21.69214847250919],[73.79595164022874,21.82472744071369],[74.12822370405561,21.94977833462422],[74.28117579840783,21.933112180841906],[74.44327408446176,22.02202409235886]],[[74.2833320222497,15.83050324334941],[74.26647498039695,15.79779569396268],[74.30234017523516,15.78746000777612],[74.3129062686524,15.798201141877053],[74.2833320222497,15.83050324334941]],[[77.27503043154671,18.477726603855],[77.2920050600929,18.457134975720376],[77.29994747224372,18.47417758278678],[77.27503043154671,18.477726603855]]]}}]}